m,x,y,z,vx,vy,vz,u,h,rho
1,0.024999999702091383,0.02499999970712688,0.02499999970712688,-0.0000008919057101126224,-0.0000008768941956412768,-0.0000008768941956412768,0.0000000024029266529624488,0.049981074048667085,1
1,0.024999999394275038,0.07500000017452758,0.07500000017452758,-0.0000018135255392912187,0.0000005231729935227255,0.0000005231729935227255,0.000000004865412967739215,0.049977892705309765,1
1,0.024999999339861682,0.125,0.125,-0.000001976219160664688,0.0000000000000000000017414997395548415,0.0000000000000000000017414997395548415,0.000000004940583214031432,0.049977892705309765,1
1,0.024999999339861682,0.175,0.175,-0.0000019762191606646768,0.00000000000000000000038963515573697813,0.00000000000000000000038963515573697813,0.000000005015241094920643,0.049977892705309765,1
1,0.024999999339861682,0.225,0.225,-0.000001976219160664669,-0.0000000000000000000023039296165316967,-0.0000000000000000000023039296165316967,0.000000005015241094920625,0.049977892705309765,1
1,0.024999999339861682,0.275,0.275,-0.000001976219160664672,0.00000000000000000000030154372922253095,0.00000000000000000000030154372922253095,0.000000005015241094920651,0.049977892705309765,1
1,0.024999999339861682,0.325,0.325,-0.000001976219160664688,0.000000000000000000002690176640479658,0.000000000000000000002690176640479658,0.000000005015241094920671,0.049977892705309765,1
1,0.024999999339861682,0.375,0.375,-0.0000019762191606646844,-0.000000000000000000005546371738621159,-0.000000000000000000005546371738621159,0.000000005015241094920689,0.049977892705309765,1
1,0.024999999339861682,0.42500000000000004,0.42500000000000004,-0.000001976219160664684,0.0000000000000000000006945670167485263,0.0000000000000000000006945670167485263,0.000000005015241094920688,0.049977892705309765,1
1,0.024999999339861682,0.47500000000000003,0.47500000000000003,-0.0000019762191606646874,0.00000000000000000000485519285366165,0.00000000000000000000485519285366165,0.00000000501524109492067,0.049977892705309765,1
1,0.024999999339861682,0.525,0.525,-0.000001976219160664685,-0.000000000000000000006196893042112462,-0.000000000000000000006196893042112462,0.000000005015241094920689,0.049977892705309765,1
1,0.024999999339861682,0.5750000000000001,0.5750000000000001,-0.0000019762191606647064,-0.0000000000000000000021785687403380605,-0.0000000000000000000021785687403380605,0.00000000501524109492078,0.049977892705309765,1
1,0.024999999339861682,0.625,0.625,-0.0000019762191606647073,0.000000000000000000001528047436846758,0.000000000000000000001528047436846758,0.000000005015241094920776,0.049977892705309765,1
1,0.024999999339861682,0.675,0.675,-0.0000019762191606647073,-0.000000000000000000001528047436846758,-0.000000000000000000001528047436846758,0.000000005015241094920784,0.049977892705309765,1
1,0.024999999339861682,0.725,0.725,-0.0000019762191606647056,0.000000000000000000006864355004548851,0.000000000000000000006864355004548851,0.00000000501524109492077,0.049977892705309765,1
1,0.024999999339861682,0.775,0.775,-0.000001976219160664682,-0.000000000000000000007630072788866738,-0.000000000000000000007630072788866738,0.000000005015241094920688,0.049977892705309765,1
1,0.024999999339861682,0.8250000000000001,0.8250000000000001,-0.0000019762191606647056,0.0000000000000000000007657177843178875,0.0000000000000000000007657177843178875,0.000000005015241094920781,0.049977892705309765,1
1,0.024999999339861682,0.875,0.875,-0.0000019762191606647073,0.000000000000000000001528047436846758,0.000000000000000000001528047436846758,0.000000005607803017277508,0.049977892705309765,1
1,0.024999999394275038,0.9250000002833543,0.9250000002833543,-0.0000018135255392912439,0.0000008485602362696419,0.0000008485602362696419,0.000000004214382598383537,0.049977892705309765,1
1,0.024999999702091383,0.9749999998349913,0.9749999998349913,-0.0000008919057101126333,-0.0000004948390341510846,-0.0000004948390341510846,0.0000000014095418150769762,0.049981074048667085,1
1,0.07500000015012431,0.02499999965501076,0.02499999965501076,0.000000449961823571971,-0.0000010328065884372215,-0.0000010328065884372215,0.0000000003515412446494217,0.04997670065397115,1
1,0.0750000007535093,0.07500000030455893,0.07500000030455893,0.0000022554694258318746,0.0000009121986739061251,0.0000009121986739061251,-0.000000003124162555877633,0.049971836697274404,1
1,0.07500000066013833,0.125,0.125,0.000001976219160664692,0.000000000000000000007931616518089266,0.000000000000000000007931616518089266,-0.0000000027637589061005878,0.049971836697274404,1
1,0.07500000066013833,0.175,0.175,0.0000019762191606646725,-0.0000000000000000000010835245461276998,-0.0000000000000000000010835245461276998,-0.0000000026816287773971516,0.049971836697274404,1
1,0.07500000066013833,0.225,0.225,0.000001976219160664664,-0.000000000000000000006413733476609563,-0.000000000000000000006413733476609563,-0.000000002681628777397129,0.049971836697274404,1
1,0.07500000066013833,0.275,0.275,0.0000019762191606646725,-0.0000000000000000000010015317568334831,-0.0000000000000000000010015317568334831,-0.0000000026816287773971694,0.049971836697274404,1
1,0.07500000066013833,0.325,0.325,0.000001976219160664692,0.000000000000000000008978549240895583,0.000000000000000000008978549240895583,-0.000000002681628777397193,0.049971836697274404,1
1,0.07500000066013833,0.375,0.375,0.0000019762191606646853,-0.000000000000000000008714952587710044,-0.000000000000000000008714952587710044,-0.0000000026816287773971926,0.049971836697274404,1
1,0.07500000066013833,0.42500000000000004,0.42500000000000004,0.0000019762191606646827,-0.000000000000000000001823492528849057,-0.000000000000000000001823492528849057,-0.0000000026816287773971897,0.049971836697274404,1
1,0.07500000066013833,0.47500000000000003,0.47500000000000003,0.000001976219160664693,0.000000000000000000010538445116559104,0.000000000000000000010538445116559104,-0.000000002681628777397197,0.049971836697274404,1
1,0.07500000066013833,0.525,0.525,0.000001976219160664685,-0.000000000000000000012748184669356122,-0.000000000000000000012748184669356122,-0.000000002681628777397189,0.049971836697274404,1
1,0.07500000066013833,0.5750000000000001,0.5750000000000001,0.0000019762191606647115,0.0000000000000000000012468324983583316,0.0000000000000000000012468324983583316,-0.0000000026816287773972757,0.049971836697274404,1
1,0.07500000066013833,0.625,0.625,0.000001976219160664711,0.0000000000000000000015280474368467577,0.0000000000000000000015280474368467577,-0.00000000268162877739728,0.049971836697274404,1
1,0.07500000066013833,0.675,0.675,0.000001976219160664711,-0.0000000000000000000015280474368467577,-0.0000000000000000000015280474368467577,-0.0000000026816287773972683,0.049971836697274404,1
1,0.07500000066013833,0.725,0.725,0.0000019762191606647136,0.000000000000000000011589443597512243,0.000000000000000000011589443597512243,-0.000000002681628777397299,0.049971836697274404,1
1,0.07500000066013833,0.775,0.775,0.0000019762191606646797,-0.000000000000000000018040446523801003,-0.000000000000000000018040446523801003,-0.0000000026816287773972133,0.049971836697274404,1
1,0.07500000066013833,0.8250000000000001,0.8250000000000001,0.000001976219160664713,0.000000000000000000006451002926288756,0.000000000000000000006451002926288756,-0.000000002681628777397279,0.049971836697274404,1
1,0.07500000066013833,0.875,0.875,0.000001976219160664711,0.0000000000000000000015280474368467577,0.0000000000000000000015280474368467577,-0.0000000019558419567082093,0.049971836697274404,1
1,0.0750000007535093,0.9250000003354705,0.9250000003354705,0.000002255469425831909,0.000001004472629065594,0.000001004472629065594,-0.000000003914770850798361,0.049971836697274404,1
1,0.07500000015012431,0.9749999997049599,0.9749999997049599,0.0000004499618235719823,-0.0000008838647145344959,-0.0000008838647145344959,-0.0000000010043140736753514,0.04997670065397115,1
1,0.12499999989117329,0.024999999679985344,0.024999999679985344,-0.00000032538724274694614,-0.0000009583356514858584,-0.0000009583356514858584,0.0000000011996606776734097,0.04997670065397115,1
1,0.1250000001088267,0.07500000032001466,0.07500000032001466,0.00000032538724274692634,0.0000009583356514858556,0.0000009583356514858556,-0.0000000005334225053245082,0.049971836697274404,1
1,0.125,0.125,0.125,-0.0000000000000000000032092384305570903,0.000000000000000000006505213034913025,0.000000000000000000006505213034913025,-0.00000000008213012870342853,0.049971836697274404,1
1,0.125,0.175,0.175,0.0000000000000000000035995512126518725,-0.0000000000000000000016913553890773857,-0.0000000000000000000016913553890773857,-0.000000000000000000000039251181970901075,0.049971836697274404,1
1,0.125,0.225,0.225,0.000000000000000000002471980953266948,-0.0000000000000000000045536491244391204,-0.0000000000000000000045536491244391204,-0.000000000000000000000034159608235310033,0.049971836697274404,1
1,0.125,0.275,0.275,-0.0000000000000000000029923979960599914,-0.0000000000000000000010842021724855028,-0.0000000000000000000010842021724855028,0.0000000000000000000000081348687877376,0.049971836697274404,1
1,0.125,0.325,0.325,-0.000000000000000000002905661822261148,0.000000000000000000009150666335777656,0.000000000000000000009150666335777656,-0.000000000000000000000028814316363366786,0.049971836697274404,1
1,0.125,0.375,0.375,-0.00000000000000000000793635990259389,-0.000000000000000000006114900252818245,-0.000000000000000000006114900252818245,-0.0000000000000000000000022718678276943725,0.049971836697274404,1
1,0.125,0.42500000000000004,0.42500000000000004,-0.0000000000000000000018648277366750673,-0.000000000000000000004293440603042596,-0.000000000000000000004293440603042596,0.0000000000000000000000026689269346632225,0.049971836697274404,1
1,0.125,0.47500000000000003,0.47500000000000003,-0.0000000000000000000022551405187698484,0.00000000000000000001040834085586084,0.00000000000000000001040834085586084,-0.00000000000000000000003168337172672458,0.049971836697274404,1
1,0.125,0.525,0.525,-0.000000000000000000008977193988179977,-0.000000000000000000008630249292984617,-0.000000000000000000008630249292984617,0.000000000000000000000006186799762652739,0.049971836697274404,1
1,0.125,0.5750000000000001,0.5750000000000001,0.0000000000000000000012143064331837651,0.000000000000000000003729655473350138,0.000000000000000000003729655473350138,0.0000000000000000000000165058346355978,0.049971836697274404,1
1,0.125,0.625,0.625,0.00000000000000000000017347234759767966,0.0000000000000000000000000000000000005777789833161708,0.0000000000000000000000000000000000005777789833161708,0.000000000000000000000017795088253412467,0.049971836697274404,1
1,0.125,0.675,0.675,0.00000000000000000000017347234759767966,-0.0000000000000000000000000000000000005777789833161708,-0.0000000000000000000000000000000000005777789833161708,0.00000000000000000000002420188658813296,0.049971836697274404,1
1,0.125,0.725,0.725,0.0000000000000000000028622937353617317,0.000000000000000000009454242944073609,0.000000000000000000009454242944073609,-0.0000000000000000000000013407266910404728,0.049971836697274404,1
1,0.125,0.775,0.775,-0.000000000000000000017520707107365748,-0.000000000000000000019428902930940257,-0.000000000000000000019428902930940257,0.00000000000000000000004387607500072971,0.049971836697274404,1
1,0.125,0.8250000000000001,0.8250000000000001,0.0000000000000000000028622937353617317,0.00000000000000000000997465998686665,0.00000000000000000000997465998686665,0.000000000000000000000012545704048117282,0.049971836697274404,1
1,0.125,0.875,0.875,0.00000000000000000000017347234759767966,0.0000000000000000000000000000000000005777789833161708,0.0000000000000000000000000000000000005777789833161708,0.0000000006976827627313262,0.049971836697274404,1
1,0.1250000001088267,0.9250000003200147,0.9250000003200147,0.00000032538724274693057,0.0000009583356514858632,0.0000009583356514858632,-0.0000000013132353967592283,0.049971836697274404,1
1,0.12499999989117329,0.9749999996799853,0.9749999996799853,-0.00000032538724274695207,-0.0000009583356514858639,-0.0000009583356514858639,-0.0000000001413155422260021,0.04997670065397115,1
1,0.1749999998911733,0.024999999679985344,0.024999999679985344,-0.00000032538724274691697,-0.000000958335651485854,-0.000000958335651485854,0.0000000011996606776733832,0.04997670065397115,1
1,0.1750000001088267,0.07500000032001466,0.07500000032001466,0.0000003253872427469171,0.000000958335651485855,0.000000958335651485855,-0.0000000005334225053244644,0.049971836697274404,1
1,0.175,0.125,0.125,0.0000000000000000000037296554733501345,0.000000000000000000009280770596475916,0.000000000000000000009280770596475916,-0.00000000008213012870341388,0.049971836697274404,1
1,0.175,0.175,0.175,-0.000000000000000000005204170427930423,-0.000000000000000000002255140518769847,-0.000000000000000000002255140518769847,-0.0000000000000000000000042274135376179904,0.049971836697274404,1
1,0.175,0.225,0.225,-0.000000000000000000006418476861114188,-0.000000000000000000007112366251504911,-0.000000000000000000007112366251504911,0.000000000000000000000017982730516481697,0.049971836697274404,1
1,0.175,0.275,0.275,-0.000000000000000000000000000000000001516387712560751,0.00000000000000000000017347234759768342,0.00000000000000000000017347234759768342,0.0000000000000000000000057287595574752145,0.049971836697274404,1
1,0.175,0.325,0.325,0.000000000000000000004640385298237957,0.000000000000000000009844555726168378,0.000000000000000000009844555726168378,-0.000000000000000000000014960894002797192,0.049971836697274404,1
1,0.175,0.375,0.375,0.0000000000000000000006071532165918815,-0.000000000000000000005898059818321144,-0.000000000000000000005898059818321144,0.0000000000000000000000009951906147674383,0.049971836697274404,1
1,0.175,0.42500000000000004,0.42500000000000004,-0.000000000000000000007329206686002012,-0.0000000000000000000060281640790194035,-0.0000000000000000000060281640790194035,0.000000000000000000000045194256799820066,0.049971836697274404,1
1,0.175,0.47500000000000003,0.47500000000000003,0.0000000000000000000051608023410309985,0.000000000000000000011926223897340546,0.000000000000000000011926223897340546,-0.000000000000000000000015936666353367668,0.049971836697274404,1
1,0.175,0.525,0.525,-0.00000000000000000000008673617379884077,-0.000000000000000000007546047120499112,-0.000000000000000000007546047120499112,0.000000000000000000000005394832212919193,0.049971836697274404,1
1,0.175,0.5750000000000001,0.5750000000000001,-0.0000000000000000000034260788650541936,0.0000000000000000000023852447794681115,0.0000000000000000000023852447794681115,-0.0000000000000000000000007320267686801419,0.049971836697274404,1
1,0.175,0.625,0.625,-0.000000000000000000004510281037539698,0.0000000000000000000000000000000000003851859888774472,0.0000000000000000000000000000000000003851859888774472,-0.0000000000000000000000001743355363290227,0.049971836697274404,1
1,0.175,0.675,0.675,-0.000000000000000000004510281037539698,-0.0000000000000000000000000000000000003851859888774472,-0.0000000000000000000000000000000000003851859888774472,0.0000000000000000000000046000439633358494,0.049971836697274404,1
1,0.175,0.725,0.725,-0.0000000000000000000017347234759768056,0.000000000000000000007112366251504917,0.000000000000000000007112366251504917,-0.000000000000000000000013391982819941777,0.049971836697274404,1
1,0.175,0.775,0.775,-0.000000000000000000001127570259384926,-0.000000000000000000015265566588595915,-0.000000000000000000015265566588595915,0.0000000000000000000000372320255533883,0.049971836697274404,1
1,0.175,0.8250000000000001,0.8250000000000001,-0.0000000000000000000017347234759768056,0.000000000000000000008153200337091,0.000000000000000000008153200337091,-0.000000000000000000000003360448489239572,0.049971836697274404,1
1,0.175,0.875,0.875,-0.000000000000000000004510281037539698,0.0000000000000000000000000000000000003851859888774472,0.0000000000000000000000000000000000003851859888774472,0.0000000006976827627313014,0.049971836697274404,1
1,0.1750000001088267,0.9250000003200147,0.9250000003200147,0.00000032538724274692094,0.0000009583356514858537,0.0000009583356514858537,-0.0000000013132353967592378,0.049971836697274404,1
1,0.1749999998911733,0.9749999996799853,0.9749999996799853,-0.00000032538724274691967,-0.000000958335651485865,-0.000000958335651485865,-0.00000000014131554222600385,0.04997670065397115,1
1,0.2249999998911733,0.024999999679985344,0.024999999679985344,-0.00000032538724274691257,-0.0000009583356514858564,-0.0000009583356514858564,0.0000000011996606776733826,0.04997670065397115,1
1,0.2250000001088267,0.07500000032001466,0.07500000032001466,0.00000032538724274693703,0.0000009583356514858545,0.0000009583356514858545,-0.0000000005334225053245377,0.049971836697274404,1
1,0.225,0.125,0.125,0.000000000000000000007242470512203172,0.000000000000000000006722053469410126,0.000000000000000000006722053469410126,-0.00000000008213012870338405,0.049971836697274404,1
1,0.225,0.175,0.175,0.0000000000000000000012143064331837659,-0.000000000000000000001734723475976805,-0.000000000000000000001734723475976805,0.00000000000000000000001762953245857208,0.049971836697274404,1
1,0.225,0.225,0.225,0.000000000000000000006722053469410129,-0.000000000000000000007329206686002012,-0.000000000000000000007329206686002012,-0.000000000000000000000003672423164015991,0.049971836697274404,1
1,0.225,0.275,0.275,0.00000000000000000000919403442267708,0.0000000000000000000010408340855860874,0.0000000000000000000010408340855860874,0.000000000000000000000005271533222604675,0.049971836697274404,1
1,0.225,0.325,0.325,0.000000000000000000007849623728795057,0.000000000000000000009931291899967219,0.000000000000000000009931291899967219,0.000000000000000000000012237966280133431,0.049971836697274404,1
1,0.225,0.375,0.375,-0.0000000000000000000018214596497756477,-0.000000000000000000008066464163292152,-0.000000000000000000008066464163292152,0.0000000000000000000000014744891679931363,0.049971836697274404,1
1,0.225,0.42500000000000004,0.42500000000000004,0.000000000000000000010321604682062006,-0.000000000000000000003729655473350133,-0.000000000000000000003729655473350133,-0.000000000000000000000026992319187587896,0.049971836697274404,1
1,0.225,0.47500000000000003,0.47500000000000003,0.00000000000000000000850014503228636,0.000000000000000000011796119636642288,0.000000000000000000011796119636642288,0.000000000000000000000011655812112243413,0.049971836697274404,1
1,0.225,0.525,0.525,-0.0000000000000000000026020852139652114,-0.000000000000000000008760353553682877,-0.000000000000000000008760353553682877,0.000000000000000000000005308805554424915,0.049971836697274404,1
1,0.225,0.5750000000000001,0.5750000000000001,0.0000000000000000000007806255641895634,0.0000000000000000000020816681711721702,0.0000000000000000000020816681711721702,-0.0000000000000000000000006448590005156323,0.049971836697274404,1
1,0.225,0.625,0.625,0,0,0,-0.0000000000000000000000001743355363290227,0.049971836697274404,1
1,0.225,0.675,0.675,0,0,0,0.000000000000000000000004106486713381212,0.049971836697274404,1
1,0.225,0.725,0.725,0.0000000000000000000025153490401663716,0.000000000000000000006938893903907235,0.000000000000000000006938893903907235,-0.000000000000000000000011447782458498368,0.049971836697274404,1
1,0.225,0.775,0.775,-0.000000000000000000001734723475976807,-0.00000000000000000001387778780781447,-0.00000000000000000001387778780781447,-0.00000000000000000000001463763768940418,0.049971836697274404,1
1,0.225,0.8250000000000001,0.8250000000000001,0.0000000000000000000025153490401663716,0.000000000000000000006938893903907235,0.000000000000000000006938893903907235,-0.0000000000000000000000021351541102761393,0.049971836697274404,1
1,0.225,0.875,0.875,0,0,0,0.0000000006976827627313064,0.049971836697274404,1
1,0.2250000001088267,0.9250000003200147,0.9250000003200147,0.0000003253872427469201,0.0000009583356514858584,0.0000009583356514858584,-0.0000000013132353967592175,0.049971836697274404,1
1,0.2249999998911733,0.9749999996799853,0.9749999996799853,-0.00000032538724274690707,-0.0000009583356514858581,-0.0000009583356514858581,-0.0000000001413155422260578,0.04997670065397115,1
1,0.2749999998911733,0.024999999679985344,0.024999999679985344,-0.00000032538724274691993,-0.0000009583356514858581,-0.0000009583356514858581,0.0000000011996606776733435,0.04997670065397115,1
1,0.27500000010882675,0.07500000032001466,0.07500000032001466,0.0000003253872427469171,0.0000009583356514858497,0.0000009583356514858497,-0.0000000005334225053244876,0.049971836697274404,1
1,0.275,0.125,0.125,0.000000000000000000004857225732735056,0.00000000000000000000771951946809679,0.00000000000000000000771951946809679,-0.00000000008213012870342297,0.049971836697274404,1
1,0.275,0.175,0.175,0.000000000000000000003859759734048396,-0.0000000000000000000001301042606982579,-0.0000000000000000000001301042606982579,-0.000000000000000000000019663167104338557,0.049971836697274404,1
1,0.275,0.225,0.225,-0.000000000000000000010928757898653885,-0.000000000000000000007806255641895636,-0.000000000000000000007806255641895636,0.000000000000000000000028911752870209874,0.049971836697274404,1
1,0.275,0.275,0.275,-0.000000000000000000006071532165918827,-0.0000000000000000000005204170427930394,-0.0000000000000000000005204170427930394,-0.000000000000000000000008826435793596678,0.049971836697274404,1
1,0.275,0.325,0.325,0.00000000000000000000576795555762288,0.000000000000000000010278236595162582,0.000000000000000000010278236595162582,-0.00000000000000000000002803048477591054,0.049971836697274404,1
1,0.275,0.375,0.375,0.0000000000000000000006071532165918814,-0.000000000000000000005898059818321143,-0.000000000000000000005898059818321143,-0.000000000000000000000002471536818147041,0.049971836697274404,1
1,0.275,0.42500000000000004,0.42500000000000004,-0.000000000000000000007329206686002012,-0.0000000000000000000057679555576228825,-0.0000000000000000000057679555576228825,0.000000000000000000000023872012248187756,0.049971836697274404,1
1,0.275,0.47500000000000003,0.47500000000000003,0.000000000000000000006288372600415923,0.000000000000000000011666015375944025,0.000000000000000000011666015375944025,-0.000000000000000000000028697181403816964,0.049971836697274404,1
1,0.275,0.525,0.525,-0.00000000000000000000008673617379884124,-0.000000000000000000008413408858487516,-0.000000000000000000008413408858487516,0.00000000000000000000000473553977212942,0.049971836697274404,1
1,0.275,0.5750000000000001,0.5750000000000001,-0.0000000000000000000034260788650541936,0.0000000000000000000017780915628762293,0.0000000000000000000017780915628762293,-0.0000000000000000000000006716798522585546,0.049971836697274404,1
1,0.275,0.625,0.625,-0.000000000000000000004510281037539698,-0.0000000000000000000000000000000000003851859888774472,-0.0000000000000000000000000000000000003851859888774472,-0.0000000000000000000000001743355363290239,0.049971836697274404,1
1,0.275,0.675,0.675,-0.000000000000000000004510281037539698,0.0000000000000000000000000000000000003851859888774472,0.0000000000000000000000000000000000003851859888774472,0.000000000000000000000006015712811789267,0.049971836697274404,1
1,0.275,0.725,0.725,-0.0000000000000000000017347234759768056,0.000000000000000000008153200337091,0.000000000000000000008153200337091,-0.000000000000000000000016533926035535854,0.049971836697274404,1
1,0.275,0.775,0.775,-0.0000000000000000000011275702593849272,-0.000000000000000000015265566588595915,-0.000000000000000000015265566588595915,-0.000000000000000000000004105677349261195,0.049971836697274404,1
1,0.275,0.8250000000000001,0.8250000000000001,-0.0000000000000000000017347234759768056,0.000000000000000000007112366251504917,0.000000000000000000007112366251504917,-0.0000000000000000000000028932493073819697,0.049971836697274404,1
1,0.275,0.875,0.875,-0.000000000000000000004510281037539698,-0.0000000000000000000000000000000000003851859888774472,-0.0000000000000000000000000000000000003851859888774472,0.0000000006976827627313129,0.049971836697274404,1
1,0.27500000010882675,0.9250000003200147,0.9250000003200147,0.00000032538724274692094,0.0000009583356514858662,0.0000009583356514858662,-0.0000000013132353967592254,0.049971836697274404,1
1,0.2749999998911733,0.9749999996799853,0.9749999996799853,-0.0000003253872427469226,-0.0000009583356514858548,-0.0000009583356514858548,-0.00000000014131554222606082,0.04997670065397115,1
1,0.3249999998911733,0.024999999679985344,0.024999999679985344,-0.00000032538724274695185,-0.0000009583356514858584,-0.0000009583356514858584,0.0000000011996606776734256,0.04997670065397115,1
1,0.32500000010882674,0.07500000032001466,0.07500000032001466,0.0000003253872427469218,0.0000009583356514858554,0.0000009583356514858554,-0.0000000005334225053244977,0.049971836697274404,1
1,0.325,0.125,0.125,-0.000000000000000000009454242944073597,0.000000000000000000006591949208711866,0.000000000000000000006591949208711866,-0.0000000000821301287033971,0.049971836697274404,1
1,0.325,0.175,0.175,-0.000000000000000000011015494072452722,-0.0000000000000000000021684043449710074,-0.0000000000000000000021684043449710074,-0.0000000000000000000000033410487761485146,0.049971836697274404,1
1,0.325,0.225,0.225,-0.000000000000000000011102230246251563,-0.000000000000000000004943961906533902,-0.000000000000000000004943961906533902,-0.000000000000000000000007164156811690949,0.049971836697274404,1
1,0.325,0.275,0.275,-0.00000000000000000001621966450038314,-0.0000000000000000000006071532165918807,-0.0000000000000000000006071532165918807,0.00000000000000000000005472575831362175,0.049971836697274404,1
1,0.325,0.325,0.325,-0.000000000000000000008977193988179975,0.000000000000000000009584347204771858,0.000000000000000000009584347204771858,0.0000000000000000000000022790891271497232,0.049971836697274404,1
1,0.325,0.375,0.375,-0.0000000000000000000096710833785707,-0.0000000000000000000062016364266170855,-0.0000000000000000000062016364266170855,-0.000000000000000000000002627533752959489,0.049971836697274404,1
1,0.325,0.42500000000000004,0.42500000000000004,-0.000000000000000000004943961906533899,-0.000000000000000000004250072516143176,-0.000000000000000000004250072516143176,-0.000000000000000000000001241802201527949,0.049971836697274404,1
1,0.325,0.47500000000000003,0.47500000000000003,-0.000000000000000000007979727989493311,0.00000000000000000001049507702965968,0.00000000000000000001049507702965968,-0.0000000000000000000000023154457816275985,0.049971836697274404,1
1,0.325,0.525,0.525,-0.000000000000000000010625181290357942,-0.000000000000000000009150666335777659,-0.000000000000000000009150666335777659,0.000000000000000000000005648084659009309,0.049971836697274404,1
1,0.325,0.5750000000000001,0.5750000000000001,0.0000000000000000000024719809532669502,0.000000000000000000003252606517456517,0.000000000000000000003252606517456517,-0.0000000000000000000000005643964452868489,0.049971836697274404,1
1,0.325,0.625,0.625,0.0000000000000000000014745149545802858,-0.0000000000000000000000000000000000006740754805355326,-0.0000000000000000000000000000000000006740754805355326,-0.00000000000000000000000017433553632902385,0.049971836697274404,1
1,0.325,0.675,0.675,0.0000000000000000000014745149545802858,0.0000000000000000000000000000000000006740754805355326,0.0000000000000000000000000000000000006740754805355326,0.000000000000000000000006794386431348171,0.049971836697274404,1
1,0.325,0.725,0.725,0.000000000000000000004119968255444915,0.000000000000000000009931291899967228,0.000000000000000000009931291899967228,-0.000000000000000000000019308200299516807,0.049971836697274404,1
1,0.325,0.775,0.775,-0.000000000000000000021770779623508927,-0.000000000000000000019428902930940257,-0.000000000000000000019428902930940257,0.00000000000000000000003544497603299314,0.049971836697274404,1
1,0.325,0.8250000000000001,0.8250000000000001,0.000000000000000000004119968255444915,0.000000000000000000009497611030973028,0.000000000000000000009497611030973028,-0.000000000000000000000004204049313345403,0.049971836697274404,1
1,0.325,0.875,0.875,0.0000000000000000000014745149545802858,-0.0000000000000000000000000000000000006740754805355326,-0.0000000000000000000000000000000000006740754805355326,0.0000000006976827627313084,0.049971836697274404,1
1,0.32500000010882674,0.9250000003200147,0.9250000003200147,0.0000003253872427469318,0.000000958335651485864,0.000000958335651485864,-0.0000000013132353967592452,0.049971836697274404,1
1,0.3249999998911733,0.9749999996799853,0.9749999996799853,-0.0000003253872427469563,-0.0000009583356514858636,-0.0000009583356514858636,-0.00000000014131554222598852,0.04997670065397115,1
1,0.3749999998911733,0.024999999679985344,0.024999999679985344,-0.00000032538724274691374,-0.0000009583356514858552,-0.0000009583356514858552,0.0000000011996606776733778,0.04997670065397115,1
1,0.3750000001088267,0.07500000032001466,0.07500000032001466,0.0000003253872427469301,0.0000009583356514858545,0.0000009583356514858545,-0.0000000005334225053244946,0.049971836697274404,1
1,0.375,0.125,0.125,0.000000000000000000009887923813067801,0.000000000000000000007459310946700269,0.000000000000000000007459310946700269,-0.00000000008213012870341057,0.049971836697274404,1
1,0.375,0.175,0.175,0.000000000000000000006982261990806647,-0.000000000000000000003165870343657672,-0.000000000000000000003165870343657672,-0.0000000000000000000000031298644923825208,0.049971836697274404,1
1,0.375,0.225,0.225,0.00000000000000000001491862189340054,-0.0000000000000000000038163916471489766,-0.0000000000000000000038163916471489766,0.000000000000000000000004184785144537025,0.049971836697274404,1
1,0.375,0.275,0.275,0.00000000000000000002242130092700023,0.000000000000000000001431146867680867,0.000000000000000000001431146867680867,-0.00000000000000000000003473334625241304,0.049971836697274404,1
1,0.375,0.325,0.325,0.000000000000000000010668549377257362,0.00000000000000000000763278329429795,0.00000000000000000000763278329429795,-0.000000000000000000000012996297960299425,0.049971836697274404,1
1,0.375,0.375,0.375,0.0000000000000000000006938893903907196,-0.0000000000000000000066786853825107075,-0.0000000000000000000066786853825107075,0.0000000000000000000000006105789129490282,0.049971836697274404,1
1,0.375,0.42500000000000004,0.42500000000000004,-0.000000000000000000006982261990806657,-0.000000000000000000005594483210025201,-0.000000000000000000005594483210025201,0.0000000000000000000000614329769768053,0.049971836697274404,1
1,0.375,0.47500000000000003,0.47500000000000003,0.000000000000000000011058862159352146,0.00000000000000000001227316859253591,0.00000000000000000001227316859253591,-0.000000000000000000000014851555115858418,0.049971836697274404,1
1,0.375,0.525,0.525,-0.00000000000000000000013010426069826388,-0.00000000000000000000949761103097302,-0.00000000000000000000949761103097302,0.000000000000000000000006553867684675766,0.049971836697274404,1
1,0.375,0.5750000000000001,0.5750000000000001,0.000000000000000000004250072516143177,0.0000000000000000000036429192995512984,0.0000000000000000000036429192995512984,-0.0000000000000000000000005107547418010027,0.049971836697274404,1
1,0.375,0.625,0.625,0.0000000000000000000030357660829594117,-0.0000000000000000000000000000000000002888894916580854,-0.0000000000000000000000000000000000002888894916580854,-0.00000000000000000000000017433553632902284,0.049971836697274404,1
1,0.375,0.675,0.675,0.0000000000000000000030357660829594117,0.0000000000000000000000000000000000002888894916580854,0.0000000000000000000000000000000000002888894916580854,0.0000000000000000000000057289925488689,0.049971836697274404,1
1,0.375,0.725,0.725,0.000000000000000000005854691731421724,0.000000000000000000007849623728795057,0.000000000000000000007849623728795057,-0.00000000000000000000001596004017506441,0.049971836697274404,1
1,0.375,0.775,0.775,-0.0000000000000000000012143064331837729,-0.000000000000000000016653345369377362,-0.000000000000000000016653345369377362,0.00000000000000000000003317619789666346,0.049971836697274404,1
1,0.375,0.8250000000000001,0.8250000000000001,0.000000000000000000005854691731421725,0.000000000000000000008803721640582304,0.000000000000000000008803721640582304,-0.0000000000000000000000033353480265095715,0.049971836697274404,1
1,0.375,0.875,0.875,0.0000000000000000000030357660829594117,-0.0000000000000000000000000000000000002888894916580854,-0.0000000000000000000000000000000000002888894916580854,0.0000000006976827627313021,0.049971836697274404,1
1,0.3750000001088267,0.9250000003200147,0.9250000003200147,0.0000003253872427469289,0.0000009583356514858545,0.0000009583356514858545,-0.0000000013132353967592274,0.049971836697274404,1
1,0.3749999998911733,0.9749999996799853,0.9749999996799853,-0.00000032538724274691,-0.0000009583356514858653,-0.0000009583356514858653,-0.00000000014131554222601258,0.04997670065397115,1
1,0.4249999998911733,0.024999999679985344,0.024999999679985344,-0.00000032538724274691374,-0.0000009583356514858577,-0.0000009583356514858577,0.0000000011996606776733369,0.04997670065397115,1
1,0.42500000010882677,0.07500000032001466,0.07500000032001466,0.0000003253872427469301,0.0000009583356514858516,0.0000009583356514858516,-0.0000000005334225053244943,0.049971836697274404,1
1,0.42500000000000004,0.125,0.125,0.000000000000000000009887923813067802,0.00000000000000000000780625564189563,0.00000000000000000000780625564189563,-0.00000000008213012870342872,0.049971836697274404,1
1,0.42500000000000004,0.175,0.175,0.000000000000000000006765421556309546,-0.0000000000000000000014745149545802839,-0.0000000000000000000014745149545802839,-0.0000000000000000000000022249895849926646,0.049971836697274404,1
1,0.42500000000000004,0.225,0.225,-0.00000000000000000000008673617379884547,-0.000000000000000000004943961906533903,-0.000000000000000000004943961906533903,-0.00000000000000000000000016057722293779858,0.049971836697274404,1
1,0.42500000000000004,0.275,0.275,0.0000000000000000000014745149545802794,-0.0000000000000000000008673617379884019,-0.0000000000000000000008673617379884019,0.000000000000000000000005615112573067307,0.049971836697274404,1
1,0.42500000000000004,0.325,0.325,0.000000000000000000010408340855860841,0.000000000000000000008933825901280557,0.000000000000000000008933825901280557,-0.000000000000000000000032089529816691776,0.049971836697274404,1
1,0.42500000000000004,0.375,0.375,0.000000000000000000005377642775528101,-0.000000000000000000007459310946700269,-0.000000000000000000007459310946700269,0.0000000000000000000000009132030622275266,0.049971836697274404,1
1,0.42500000000000004,0.42500000000000004,0.42500000000000004,0.00000000000000000001630640067418199,-0.0000000000000000000030357660829594106,-0.0000000000000000000030357660829594106,-0.000000000000000000000030035121210507875,0.049971836697274404,1
1,0.42500000000000004,0.47500000000000003,0.47500000000000003,0.000000000000000000011405806854547507,0.000000000000000000010451708942760261,0.000000000000000000010451708942760261,-0.00000000000000000000003273902575361046,0.049971836697274404,1
1,0.42500000000000004,0.525,0.525,0.0000000000000000000042934406030425964,-0.0000000000000000000092374025095765,-0.0000000000000000000092374025095765,0.000000000000000000000005866555034624423,0.049971836697274404,1
1,0.42500000000000004,0.5750000000000001,0.5750000000000001,0.000000000000000000004293440603042598,0.0000000000000000000029923979960599952,0.0000000000000000000029923979960599952,-0.0000000000000000000000006582694263870922,0.049971836697274404,1
1,0.42500000000000004,0.625,0.625,0.0000000000000000000030357660829594117,0.0000000000000000000000000000000000002888894916580854,0.0000000000000000000000000000000000002888894916580854,-0.00000000000000000000000017433553632902401,0.049971836697274404,1
1,0.42500000000000004,0.675,0.675,0.0000000000000000000030357660829594117,-0.0000000000000000000000000000000000002888894916580854,-0.0000000000000000000000000000000000002888894916580854,0.000000000000000000000005621419502225855,0.049971836697274404,1
1,0.42500000000000004,0.725,0.725,0.000000000000000000006071532165918826,0.000000000000000000007546047120499118,0.000000000000000000007546047120499118,-0.000000000000000000000017020486833312726,0.049971836697274404,1
1,0.42500000000000004,0.775,0.775,0.00000000000000000001491862189340054,-0.000000000000000000014571677198205194,-0.000000000000000000014571677198205194,-0.000000000000000000000020623782900630943,0.049971836697274404,1
1,0.42500000000000004,0.8250000000000001,0.8250000000000001,0.000000000000000000006071532165918826,0.000000000000000000007025630077706076,0.000000000000000000007025630077706076,-0.0000000000000000000000041683967242856595,0.049971836697274404,1
1,0.42500000000000004,0.875,0.875,0.0000000000000000000030357660829594117,0.0000000000000000000000000000000000002888894916580854,0.0000000000000000000000000000000000002888894916580854,0.0000000006976827627313119,0.049971836697274404,1
1,0.42500000010882677,0.9250000003200147,0.9250000003200147,0.0000003253872427469289,0.000000958335651485866,0.000000958335651485866,-0.000000001313235396759225,0.049971836697274404,1
1,0.4249999998911733,0.9749999996799853,0.9749999996799853,-0.0000003253872427469071,-0.0000009583356514858552,-0.0000009583356514858552,-0.00000000014131554222610285,0.04997670065397115,1
1,0.4749999998911733,0.024999999679985344,0.024999999679985344,-0.00000032538724274695334,-0.0000009583356514858584,-0.0000009583356514858584,0.0000000011996606776734454,0.04997670065397115,1
1,0.47500000010882676,0.07500000032001466,0.07500000032001466,0.00000032538724274691734,0.0000009583356514858556,0.0000009583356514858556,-0.0000000005334225053244668,0.049971836697274404,1
1,0.47500000000000003,0.125,0.125,-0.000000000000000000012490009027033009,0.000000000000000000006591949208711866,0.000000000000000000006591949208711866,-0.00000000008213012870335029,0.049971836697274404,1
1,0.47500000000000003,0.175,0.175,-0.00000000000000000001574261554448952,-0.0000000000000000000019515639104739067,-0.0000000000000000000019515639104739067,0.00000000000000000000003497495585876072,0.049971836697274404,1
1,0.47500000000000003,0.225,0.225,-0.000000000000000000019862583799934438,-0.000000000000000000004857225732735061,-0.000000000000000000004857225732735061,0.000000000000000000000045625311962962,0.049971836697274404,1
1,0.47500000000000003,0.275,0.275,-0.000000000000000000023722343533982833,-0.0000000000000000000008239936510889818,-0.0000000000000000000008239936510889818,0.00000000000000000000009319948027235637,0.049971836697274404,1
1,0.47500000000000003,0.325,0.325,-0.000000000000000000012143064331837647,0.000000000000000000009454242944073597,0.000000000000000000009454242944073597,0.00000000000000000000004890304193406672,0.049971836697274404,1
1,0.47500000000000003,0.375,0.375,-0.000000000000000000013010426069826051,-0.000000000000000000005984795992119983,-0.000000000000000000005984795992119983,0.000000000000000000000024983308263556956,0.049971836697274404,1
1,0.47500000000000003,0.42500000000000004,0.42500000000000004,-0.000000000000000000013574211199518516,-0.000000000000000000004206704429243756,-0.000000000000000000004206704429243756,0.000000000000000000000046433553183083425,0.049971836697274404,1
1,0.47500000000000003,0.47500000000000003,0.47500000000000003,-0.000000000000000000011275702593849244,0.000000000000000000010234868508263159,0.000000000000000000010234868508263159,0.000000000000000000000044696210018043195,0.049971836697274404,1
1,0.47500000000000003,0.525,0.525,-0.000000000000000000013877787807814454,-0.000000000000000000009020562075079398,-0.000000000000000000009020562075079398,0.000000000000000000000031373721377167324,0.049971836697274404,1
1,0.47500000000000003,0.5750000000000001,0.5750000000000001,-0.00000000000000000000490059381963448,0.0000000000000000000034260788650541966,0.0000000000000000000034260788650541966,0.000000000000000000000018248684816838206,0.049971836697274404,1
1,0.47500000000000003,0.625,0.625,-0.0000000000000000000060715321659188235,0,0,0.000000000000000000000017855435169834066,0.049971836697274404,1
1,0.47500000000000003,0.675,0.675,-0.0000000000000000000060715321659188235,0,0,0.000000000000000000000024804041498704068,0.049971836697274404,1
1,0.47500000000000003,0.725,0.725,-0.0000000000000000000034260788650541936,0.00000000000000000000993129189996723,0.00000000000000000000993129189996723,-0.0000000000000000000000007986889046387082,0.049971836697274404,1
1,0.47500000000000003,0.775,0.775,-0.00000000000000000003070460552478948,-0.000000000000000000019428902930940257,-0.000000000000000000019428902930940257,0.00000000000000000000005859591163008259,0.049971836697274404,1
1,0.47500000000000003,0.8250000000000001,0.8250000000000001,-0.0000000000000000000034260788650541936,0.000000000000000000009497611030973028,0.000000000000000000009497611030973028,0.000000000000000000000014305462081532693,0.049971836697274404,1
1,0.47500000000000003,0.875,0.875,-0.0000000000000000000060715321659188235,0,0,0.0000000006976827627313266,0.049971836697274404,1
1,0.47500000010882676,0.9250000003200147,0.9250000003200147,0.0000003253872427469242,0.0000009583356514858639,0.0000009583356514858639,-0.0000000013132353967592264,0.049971836697274404,1
1,0.4749999998911733,0.9749999996799853,0.9749999996799853,-0.0000003253872427469649,-0.0000009583356514858639,-0.0000009583356514858639,-0.00000000014131554222595574,0.04997670065397115,1
1,0.5249999998911733,0.024999999679985344,0.024999999679985344,-0.0000003253872427468963,-0.0000009583356514858548,-0.0000009583356514858548,0.000000001199660677673325,0.04997670065397115,1
1,0.5250000001088267,0.07500000032001466,0.07500000032001466,0.00000032538724274694963,0.0000009583356514858548,0.0000009583356514858548,-0.0000000005334225053245573,0.049971836697274404,1
1,0.525,0.125,0.125,0.00000000000000000003213575239247037,0.000000000000000000007415942859800849,0.000000000000000000007415942859800849,-0.00000000008213012870350068,0.049971836697274404,1
1,0.525,0.175,0.175,0.00000000000000000002680147770384169,-0.0000000000000000000032092384305570914,-0.0000000000000000000032092384305570914,-0.00000000000000000000007667149292282769,0.049971836697274404,1
1,0.525,0.225,0.225,0.000000000000000000037123082385903694,-0.0000000000000000000038163916471489766,-0.0000000000000000000038163916471489766,-0.00000000000000000000008049343760097261,0.049971836697274404,1
1,0.525,0.275,0.275,0.00000000000000000004224051664003528,0.0000000000000000000014745149545802869,0.0000000000000000000014745149545802869,-0.00000000000000000000010904796770345476,0.049971836697274404,1
1,0.525,0.325,0.325,0.000000000000000000032873009869760515,0.00000000000000000000771951946809679,0.00000000000000000000771951946809679,-0.00000000000000000000010309811435431217,0.049971836697274404,1
1,0.525,0.375,0.375,0.000000000000000000019038590148845474,-0.000000000000000000006808789643208967,-0.000000000000000000006808789643208967,-0.00000000000000000000004975988178590264,0.049971836697274404,1
1,0.525,0.42500000000000004,0.42500000000000004,0.00000000000000000001682681771697504,-0.000000000000000000005377642775528101,-0.000000000000000000005377642775528101,-0.000000000000000000000018058344601636063,0.049971836697274404,1
1,0.525,0.47500000000000003,0.47500000000000003,0.00000000000000000003343679499945298,0.000000000000000000012186432418737067,0.000000000000000000012186432418737067,-0.00000000000000000000010614415440944507,0.049971836697274404,1
1,0.525,0.525,0.525,0.000000000000000000017954387976359968,-0.000000000000000000009887923813067801,-0.000000000000000000009887923813067801,-0.000000000000000000000042777343256985927,0.049971836697274404,1
1,0.525,0.5750000000000001,0.5750000000000001,0.000000000000000000020773313624822282,0.0000000000000000000035128150388530364,0.0000000000000000000035128150388530364,-0.000000000000000000000036340425381324816,0.049971836697274404,1
1,0.525,0.625,0.625,0.00000000000000000002072994553792286,0.0000000000000000000000000000000000008666684749742562,0.0000000000000000000000000000000000008666684749742562,-0.000000000000000000000036374686420305524,0.049971836697274404,1
1,0.525,0.675,0.675,0.000000000000000000019428902930940254,-0.000000000000000000000000000000000000962964972193618,-0.000000000000000000000000000000000000962964972193618,-0.000000000000000000000029985085577431383,0.049971836697274404,1
1,0.525,0.725,0.725,0.00000000000000000002385244779468112,0.000000000000000000008153200337091001,0.000000000000000000008153200337091001,-0.00000000000000000000005363296604589005,0.049971836697274404,1
1,0.525,0.775,0.775,0.000000000000000000020686577451023436,-0.000000000000000000016696713456276783,-0.000000000000000000016696713456276783,-0.000000000000000000000025132572792731752,0.049971836697274404,1
1,0.525,0.8250000000000001,0.8250000000000001,0.000000000000000000022508037100799088,0.000000000000000000008543513119185782,0.000000000000000000008543513119185782,-0.000000000000000000000040263705621797666,0.049971836697274404,1
1,0.525,0.875,0.875,0.00000000000000000002072994553792286,0.0000000000000000000000000000000000008666684749742562,0.0000000000000000000000000000000000008666684749742562,0.0000000006976827627312668,0.049971836697274404,1
1,0.5250000001088267,0.9250000003200147,0.9250000003200147,0.0000003253872427469453,0.0000009583356514858545,0.0000009583356514858545,-0.0000000013132353967592642,0.049971836697274404,1
1,0.5249999998911733,0.9749999996799853,0.9749999996799853,-0.0000003253872427468956,-0.0000009583356514858658,-0.0000009583356514858658,-0.0000000001413155422260703,0.04997670065397115,1
1,0.5749999998911733,0.024999999679985344,0.024999999679985344,-0.00000032538724274694185,-0.0000009583356514858541,-0.0000009583356514858541,0.0000000011996606776733997,0.04997670065397115,1
1,0.5750000001088268,0.07500000032001466,0.07500000032001466,0.00000032538724274690257,0.000000958335651485854,0.000000958335651485854,-0.0000000005334225053244679,0.049971836697274404,1
1,0.5750000000000001,0.125,0.125,-0.000000000000000000020599841277224606,0.000000000000000000004553649124439118,0.000000000000000000004553649124439118,-0.00000000008213012870336473,0.049971836697274404,1
1,0.5750000000000001,0.175,0.175,-0.000000000000000000021380466841414167,0.000000000000000000000477048955893624,0.000000000000000000000477048955893624,0.00000000000000000000003240976000232135,0.049971836697274404,1
1,0.5750000000000001,0.225,0.225,-0.000000000000000000033219954564955875,-0.000000000000000000005898059818321147,-0.000000000000000000005898059818321147,0.00000000000000000000004631424755491542,0.049971836697274404,1
1,0.5750000000000001,0.275,0.275,-0.000000000000000000025240226575462565,0.0000000000000000000013010426069826065,0.0000000000000000000013010426069826065,0.00000000000000000000005452945120519016,0.049971836697274404,1
1,0.5750000000000001,0.325,0.325,-0.000000000000000000020036056147532142,0.000000000000000000006505213034913025,0.000000000000000000006505213034913025,0.00000000000000000000003285069056533936,0.049971836697274404,1
1,0.5750000000000001,0.375,0.375,-0.00000000000000000001860490927985127,-0.000000000000000000005854691731421722,-0.000000000000000000005854691731421722,0.00000000000000000000002617708820609672,0.049971836697274404,1
1,0.5750000000000001,0.42500000000000004,0.42500000000000004,-0.00000000000000000001509209424099824,-0.00000000000000000000260208521396521,-0.00000000000000000000260208521396521,0.00000000000000000000001033303432184597,0.049971836697274404,1
1,0.5750000000000001,0.47500000000000003,0.47500000000000003,-0.000000000000000000018995222061946058,0.000000000000000000008326672684688672,0.000000000000000000008326672684688672,0.000000000000000000000027651586181509214,0.049971836697274404,1
1,0.5750000000000001,0.525,0.525,-0.000000000000000000019775847626135614,-0.000000000000000000009801187639268964,-0.000000000000000000009801187639268964,0.000000000000000000000034611854691232445,0.049971836697274404,1
1,0.5750000000000001,0.5750000000000001,0.5750000000000001,-0.000000000000000000015005358067199396,0.000000000000000000004683753385137382,0.000000000000000000004683753385137382,0.00000000000000000000001633114961217837,0.049971836697274404,1
1,0.5750000000000001,0.625,0.625,-0.000000000000000000019298798670241993,-0.00000000000000000000073725747729014175,-0.00000000000000000000073725747729014175,0.000000000000000000000017513469310111784,0.049971836697274404,1
1,0.5750000000000001,0.675,0.675,-0.000000000000000000016306400674182002,0.0000000000000000000006938893903907216,0.0000000000000000000006938893903907216,0.00000000000000000000002395000664353606,0.049971836697274404,1
1,0.5750000000000001,0.725,0.725,-0.000000000000000000016566609195578525,0.00000000000000000000789299181569448,0.00000000000000000000789299181569448,0.0000000000000000000000006276469662705609,0.049971836697274404,1
1,0.5750000000000001,0.775,0.775,-0.00000000000000000002480654570646835,-0.000000000000000000017000290064572727,-0.000000000000000000017000290064572727,0.00000000000000000000003400718151704837,0.049971836697274404,1
1,0.5750000000000001,0.8250000000000001,0.8250000000000001,-0.00000000000000000001357421119951853,0.000000000000000000009063930161978824,0.000000000000000000009063930161978824,0.000000000000000000000013996907390362972,0.049971836697274404,1
1,0.5750000000000001,0.875,0.875,-0.000000000000000000019298798670241993,-0.00000000000000000000073725747729014175,-0.00000000000000000000073725747729014175,0.0000000006976827627313297,0.049971836697274404,1
1,0.5750000001088268,0.9250000003200147,0.9250000003200147,0.0000003253872427469099,0.000000958335651485867,0.000000958335651485867,-0.0000000013132353967592158,0.049971836697274404,1
1,0.5749999998911733,0.9749999996799853,0.9749999996799853,-0.00000032538724274693767,-0.0000009583356514858552,-0.0000009583356514858552,-0.0000000001413155422260287,0.04997670065397115,1
1,0.6249999998911733,0.024999999679985344,0.024999999679985344,-0.0000003253872427469243,-0.0000009583356514858556,-0.0000009583356514858556,0.000000001199660677673377,0.04997670065397115,1
1,0.6250000001088267,0.07500000032001466,0.07500000032001466,0.00000032538724274692655,0.0000009583356514858535,0.0000009583356514858535,-0.0000000005334225053245006,0.049971836697274404,1
1,0.625,0.125,0.125,0.000000000000000000001778091562876227,0.000000000000000000003686287386450714,0.000000000000000000003686287386450714,-0.0000000000821301287034047,0.049971836697274404,1
1,0.625,0.175,0.175,0.0000000000000000000032526065174565128,0.0000000000000000000006505213034913042,0.0000000000000000000006505213034913042,-0.0000000000000000000000049468215030064056,0.049971836697274404,1
1,0.625,0.225,0.225,0.000000000000000000005074066167232157,-0.000000000000000000005594483210025205,-0.000000000000000000005594483210025205,0.000000000000000000000004118872525279232,0.049971836697274404,1
1,0.625,0.275,0.275,0.000000000000000000000477048955893622,0.0000000000000000000007372574772901442,0.0000000000000000000007372574772901442,0.0000000000000000000000065288064212083504,0.049971836697274404,1
1,0.625,0.325,0.325,0.0000000000000000000024286128663675295,0.000000000000000000007025630077706065,0.000000000000000000007025630077706065,-0.000000000000000000000009265825802384199,0.049971836697274404,1
1,0.625,0.375,0.375,-0.0000000000000000000019949319973733277,-0.00000000000000000000520417042793042,-0.00000000000000000000520417042793042,0.00000000000000000000000032919136147124186,0.049971836697274404,1
1,0.625,0.42500000000000004,0.42500000000000004,-0.000000000000000000002732189474663469,-0.000000000000000000004119968255444916,-0.000000000000000000004119968255444916,0.00000000000000000000003411617411603808,0.049971836697274404,1
1,0.625,0.47500000000000003,0.47500000000000003,0.000000000000000000003035766082959413,0.000000000000000000009454242944073596,0.000000000000000000009454242944073596,-0.00000000000000000000001309975670160441,0.049971836697274404,1
1,0.625,0.525,0.525,-0.000000000000000000003079134169858832,-0.000000000000000000009324138683375342,-0.000000000000000000009324138683375342,0.00000000000000000000000970442709520816,0.049971836697274404,1
1,0.625,0.5750000000000001,0.5750000000000001,0.0000000000000000000015178830414797059,0.000000000000000000004553649124439123,0.000000000000000000004553649124439123,-0.0000000000000000000000024033626277053993,0.049971836697274404,1
1,0.625,0.625,0.625,0.0000000000000000000027755575615628907,0,0,-0.0000000000000000000000004559544796297518,0.049971836697274404,1
1,0.625,0.675,0.675,0.0000000000000000000002168404344971008,0.000000000000000000000043368086899420215,0.000000000000000000000043368086899420215,0.000000000000000000000006111479325876945,0.049971836697274404,1
1,0.625,0.725,0.725,0.000000000000000000005637851296924621,0.00000000000000000000841340885848752,0.00000000000000000000841340885848752,-0.00000000000000000000001749949414729634,0.049971836697274404,1
1,0.625,0.775,0.775,-0.000000000000000000001257674520083187,-0.000000000000000000016609977282477943,-0.000000000000000000016609977282477943,0.000000000000000000000015933682106967342,0.049971836697274404,1
1,0.625,0.8250000000000001,0.8250000000000001,0.0000000000000000000029490299091605715,0.000000000000000000008239936510889841,0.000000000000000000008239936510889841,-0.0000000000000000000000038147990755532225,0.049971836697274404,1
1,0.625,0.875,0.875,0.0000000000000000000027755575615628907,0,0,0.000000000697682762731303,0.049971836697274404,1
1,0.6250000001088267,0.9250000003200147,0.9250000003200147,0.00000032538724274692623,0.0000009583356514858556,0.0000009583356514858556,-0.0000000013132353967592305,0.049971836697274404,1
1,0.6249999998911733,0.9749999996799853,0.9749999996799853,-0.00000032538724274693184,-0.0000009583356514858672,-0.0000009583356514858672,-0.00000000014131554222601238,0.04997670065397115,1
1,0.6749999998911733,0.024999999679985344,0.024999999679985344,-0.00000032538724274692443,-0.000000958335651485855,-0.000000958335651485855,0.000000001199660677673355,0.04997670065397115,1
1,0.6750000001088268,0.07500000032001466,0.07500000032001466,0.0000003253872427469207,0.0000009583356514858533,0.0000009583356514858533,-0.0000000005334225053245403,0.049971836697274404,1
1,0.675,0.125,0.125,0.0000000000000000000014745149545802858,0.000000000000000000004597017211338537,0.000000000000000000004597017211338537,-0.00000000008213012870346,0.049971836697274404,1
1,0.675,0.175,0.175,-0.000000000000000000002862293735361731,0.000000000000000000000433680868994203,0.000000000000000000000433680868994203,-0.00000000000000000000005369415948733614,0.049971836697274404,1
1,0.675,0.225,0.225,-0.000000000000000000009454242944073594,-0.000000000000000000006245004513516507,-0.000000000000000000006245004513516507,-0.00000000000000000000003945365886463819,0.049971836697274404,1
1,0.675,0.275,0.275,0.000000000000000000000216840434497101,0.000000000000000000001344410693882027,0.000000000000000000001344410693882027,-0.00000000000000000000004204069860048879,0.049971836697274404,1
1,0.675,0.325,0.325,0.0000000000000000000024286128663675295,0.000000000000000000006852157730108386,0.000000000000000000006852157730108386,-0.00000000000000000000006320837565960474,0.049971836697274404,1
1,0.675,0.375,0.375,-0.0000000000000000000017780915628762267,-0.000000000000000000005594483210025202,-0.000000000000000000005594483210025202,-0.00000000000000000000004275074754504585,0.049971836697274404,1
1,0.675,0.42500000000000004,0.42500000000000004,0.00000000000000000000034694469519536082,-0.000000000000000000002862293735361731,-0.000000000000000000002862293735361731,-0.00000000000000000000005296684200651864,0.049971836697274404,1
1,0.675,0.47500000000000003,0.47500000000000003,0.000000000000000000003122502256758252,0.000000000000000000008326672684688672,0.000000000000000000008326672684688672,-0.00000000000000000000006579546579171276,0.049971836697274404,1
1,0.675,0.525,0.525,-0.0000000000000000000030791341698588316,-0.000000000000000000009410874857174183,-0.000000000000000000009410874857174183,-0.00000000000000000000003291366598905048,0.049971836697274404,1
1,0.675,0.5750000000000001,0.5750000000000001,0.0000000000000000000014311468676808657,0.000000000000000000004813857645835644,0.000000000000000000004813857645835644,-0.00000000000000000000003372273692892331,0.049971836697274404,1
1,0.675,0.625,0.625,-0.0000000000000000000029923979960599918,-0.0000000000000000000007372574772901429,-0.0000000000000000000007372574772901429,-0.00000000000000000000003081768268855669,0.049971836697274404,1
1,0.675,0.675,0.675,0,0.0000000000000000000006938893903907227,0.0000000000000000000006938893903907227,-0.000000000000000000000024340914077518043,0.049971836697274404,1
1,0.675,0.725,0.725,-0.0000000000000000000002168404344971009,0.00000000000000000000784962372879506,0.00000000000000000000784962372879506,-0.00000000000000000000004780591851157291,0.049971836697274404,1
1,0.675,0.775,0.775,-0.000000000000000000009887923813067798,-0.000000000000000000017000290064572727,-0.000000000000000000017000290064572727,-0.000000000000000000000014250213139326972,0.049971836697274404,1
1,0.675,0.8250000000000001,0.8250000000000001,0.000000000000000000002775557561562891,0.000000000000000000009107298248878245,0.000000000000000000009107298248878245,-0.000000000000000000000034436658087480534,0.049971836697274404,1
1,0.675,0.875,0.875,-0.0000000000000000000029923979960599918,-0.0000000000000000000007372574772901429,-0.0000000000000000000007372574772901429,0.0000000006976827627312811,0.049971836697274404,1
1,0.6750000001088268,0.9250000003200147,0.9250000003200147,0.00000032538724274692634,0.0000009583356514858668,0.0000009583356514858668,-0.0000000013132353967592644,0.049971836697274404,1
1,0.6749999998911733,0.9749999996799853,0.9749999996799853,-0.0000003253872427469205,-0.0000009583356514858548,-0.0000009583356514858548,-0.00000000014131554222607646,0.04997670065397115,1
1,0.7249999998911733,0.024999999679985344,0.024999999679985344,-0.00000032538724274694783,-0.000000958335651485857,-0.000000958335651485857,0.0000000011996606776734533,0.04997670065397115,1
1,0.7250000001088267,0.07500000032001466,0.07500000032001466,0.00000032538724274689404,0.0000009583356514858535,0.0000009583356514858535,-0.0000000005334225053243745,0.049971836697274404,1
1,0.725,0.125,0.125,-0.000000000000000000031441863002079657,0.0000000000000000000036862873864507146,0.0000000000000000000036862873864507146,-0.00000000008213012870324273,0.049971836697274404,1
1,0.725,0.175,0.175,-0.000000000000000000031181654480683134,0.00000000000000000000039031278209478224,0.00000000000000000000039031278209478224,0.00000000000000000000014093803752752695,0.049971836697274404,1
1,0.725,0.225,0.225,-0.00000000000000000003079134169858836,-0.000000000000000000005551115123125784,-0.000000000000000000005551115123125784,0.00000000000000000000013319247431881364,0.049971836697274404,1
1,0.725,0.275,0.275,-0.000000000000000000033957212042246027,0.0000000000000000000009974659986866663,0.0000000000000000000009974659986866663,0.00000000000000000000015353051786504804,0.049971836697274404,1
1,0.725,0.325,0.325,-0.00000000000000000003057450126409126,0.00000000000000000000724247051220317,0.00000000000000000000724247051220317,0.00000000000000000000015270698053765872,0.049971836697274404,1
1,0.725,0.375,0.375,-0.000000000000000000031788807697275016,-0.000000000000000000004987329993433322,-0.000000000000000000004987329993433322,0.0000000000000000000001271086847636936,0.049971836697274404,1
1,0.725,0.42500000000000004,0.42500000000000004,-0.00000000000000000002992397996059995,-0.0000000000000000000041633363423443344,-0.0000000000000000000041633363423443344,0.0000000000000000000001413346085502437,0.049971836697274404,1
1,0.725,0.47500000000000003,0.47500000000000003,-0.00000000000000000002957703526540459,0.000000000000000000009280770596475916,0.000000000000000000009280770596475916,0.00000000000000000000014802440734213213,0.049971836697274404,1
1,0.725,0.525,0.525,-0.000000000000000000032959746043559364,-0.000000000000000000009194034422677082,-0.000000000000000000009194034422677082,0.00000000000000000000013645251935756223,0.049971836697274404,1
1,0.725,0.5750000000000001,0.5750000000000001,-0.000000000000000000025587171270657927,0.000000000000000000004597017211338544,0.000000000000000000004597017211338544,0.00000000000000000000008951688072553538,0.049971836697274404,1
1,0.725,0.625,0.625,-0.000000000000000000025587171270657933,-0.0000000000000000000000000000000000022148194360453212,-0.0000000000000000000000000000000000022148194360453212,0.00000000000000000000009077003961880103,0.049971836697274404,1
1,0.725,0.675,0.675,-0.000000000000000000026844845790741112,0.000000000000000000000043368086899422525,0.000000000000000000000043368086899422525,0.00000000000000000000009695688018028711,0.049971836697274404,1
1,0.725,0.725,0.725,-0.000000000000000000022854981795994456,0.000000000000000000008283304597789258,0.000000000000000000008283304597789258,0.00000000000000000000007383585003506813,0.049971836697274404,1
1,0.725,0.775,0.775,-0.00000000000000000002966377143920343,-0.000000000000000000016566609195578522,-0.000000000000000000016566609195578522,0.0000000000000000000001072287950117172,0.049971836697274404,1
1,0.725,0.8250000000000001,0.8250000000000001,-0.000000000000000000024199392489876487,0.000000000000000000008326672684688684,0.000000000000000000008326672684688684,0.00000000000000000000008736282778298587,0.049971836697274404,1
1,0.725,0.875,0.875,-0.000000000000000000025587171270657933,-0.0000000000000000000000000000000000022148194360453212,-0.0000000000000000000000000000000000022148194360453212,0.0000000006976827627313924,0.049971836697274404,1
1,0.7250000001088267,0.9250000003200147,0.9250000003200147,0.0000003253872427468991,0.0000009583356514858554,0.0000009583356514858554,-0.0000000013132353967591493,0.049971836697274404,1
1,0.7249999998911733,0.9749999996799853,0.9749999996799853,-0.0000003253872427469565,-0.0000009583356514858662,-0.0000009583356514858662,-0.0000000001413155422259207,0.04997670065397115,1
1,0.7749999998911733,0.024999999679985344,0.024999999679985344,-0.00000032538724274687885,-0.0000009583356514858581,-0.0000009583356514858581,0.0000000011996606776733057,0.04997670065397115,1
1,0.7750000001088267,0.07500000032001466,0.07500000032001466,0.00000032538724274698896,0.0000009583356514858569,0.0000009583356514858569,-0.0000000005334225053246257,0.049971836697274404,1
1,0.775,0.125,0.125,0.00000000000000000006713379852030249,0.0000000000000000000027755575615628904,0.0000000000000000000027755575615628904,-0.00000000008213012870356763,0.049971836697274404,1
1,0.775,0.175,0.175,0.00000000000000000006787105599759263,0.0000000000000000000011709383462843458,0.0000000000000000000011709383462843458,-0.00000000000000000000015333635632958321,0.049971836697274404,1
1,0.775,0.225,0.225,0.00000000000000000006687358999890598,-0.000000000000000000005290906601729263,-0.000000000000000000005290906601729263,-0.00000000000000000000012269522820387317,0.049971836697274404,1
1,0.775,0.275,0.275,0.00000000000000000006951904329977062,0.0000000000000000000016046192152785478,0.0000000000000000000016046192152785478,-0.00000000000000000000013989596707048724,0.049971836697274404,1
1,0.775,0.325,0.325,0.00000000000000000006791442408449205,0.000000000000000000005898059818321143,0.000000000000000000005898059818321143,-0.0000000000000000000001733267158174412,0.049971836697274404,1
1,0.775,0.375,0.375,0.00000000000000000005806986835832367,-0.000000000000000000004987329993433319,-0.000000000000000000004987329993433319,-0.00000000000000000000012849328291078343,0.049971836697274404,1
1,0.775,0.42500000000000004,0.42500000000000004,0.00000000000000000005273559366969499,-0.00000000000000000000485722573273506,-0.00000000000000000000485722573273506,-0.00000000000000000000009819108600213792,0.049971836697274404,1
1,0.775,0.47500000000000003,0.47500000000000003,0.00000000000000000006860831347488277,0.000000000000000000009801187639268958,0.000000000000000000009801187639268958,-0.0000000000000000000001757312778026652,0.049971836697274404,1
1,0.775,0.525,0.525,0.00000000000000000005689893001203933,-0.000000000000000000008326672684688676,-0.000000000000000000008326672684688676,-0.00000000000000000000012120729101031658,0.049971836697274404,1
1,0.775,0.5750000000000001,0.5750000000000001,0.00000000000000000005538104697055963,0.000000000000000000003512815038853038,0.000000000000000000003512815038853038,-0.00000000000000000000009229878736931473,0.049971836697274404,1
1,0.775,0.625,0.625,0.00000000000000000005533767888366019,0,0,-0.00000000000000000000009133998271833832,0.049971836697274404,1
1,0.775,0.675,0.675,0.000000000000000000054036636276677596,-0.0000000000000000000000000000000000000962964972193618,-0.0000000000000000000000000000000000000962964972193618,-0.00000000000000000000008486481800061576,0.049971836697274404,1
1,0.775,0.725,0.725,0.00000000000000000005824334070592135,0.000000000000000000008370040771588102,0.000000000000000000008370040771588102,-0.00000000000000000000010866371057996408,0.049971836697274404,1
1,0.775,0.775,0.775,0.000000000000000000050003404195031507,-0.000000000000000000016696713456276783,-0.000000000000000000016696713456276783,-0.00000000000000000000007528417602918605,0.049971836697274404,1
1,0.775,0.8250000000000001,0.8250000000000001,0.00000000000000000005689893001203933,0.000000000000000000008326672684688681,0.000000000000000000008326672684688681,-0.00000000000000000000009513673283204632,0.049971836697274404,1
1,0.775,0.875,0.875,0.00000000000000000005533767888366019,0,0,0.0000000006976827627312167,0.049971836697274404,1
1,0.7750000001088267,0.9250000003200147,0.9250000003200147,0.00000032538724274697456,0.0000009583356514858607,0.0000009583356514858607,-0.0000000013132353967593104,0.049971836697274404,1
1,0.7749999998911733,0.9749999996799853,0.9749999996799853,-0.0000003253872427468685,-0.000000958335651485861,-0.000000958335651485861,-0.0000000001413155422261265,0.04997670065397115,1
1,0.8249999998911733,0.024999999679985344,0.024999999679985344,-0.00000032538724274694794,-0.0000009583356514858537,-0.0000009583356514858537,0.0000000011996606776734047,0.04997670065397115,1
1,0.8250000001088268,0.07500000032001466,0.07500000032001466,0.0000003253872427468896,0.0000009583356514858535,0.0000009583356514858535,-0.000000000533422505324456,0.049971836697274404,1
1,0.8250000000000001,0.125,0.125,-0.000000000000000000031571967262777915,0.000000000000000000004597017211338538,0.000000000000000000004597017211338538,-0.00000000008213012870335214,0.049971836697274404,1
1,0.8250000000000001,0.175,0.175,-0.00000000000000000003577867169202167,0.00000000000000000000056378512969246435,0.00000000000000000000056378512969246435,0.00000000000000000000004370314607391951,0.049971836697274404,1
1,0.8250000000000001,0.225,0.225,-0.00000000000000000004245735707453238,-0.000000000000000000006201636426617087,-0.000000000000000000006201636426617087,0.000000000000000000000047158194666970314,0.049971836697274404,1
1,0.8250000000000001,0.275,0.275,-0.000000000000000000034087316302944285,0.0000000000000000000012143064331837655,0.0000000000000000000012143064331837655,0.00000000000000000000005486333935048358,0.049971836697274404,1
1,0.8250000000000001,0.325,0.325,-0.00000000000000000003057450126409126,0.0000000000000000000066353172956112846,0.0000000000000000000066353172956112846,0.00000000000000000000004457527694178632,0.049971836697274404,1
1,0.8250000000000001,0.375,0.375,-0.00000000000000000003170207152347618,-0.000000000000000000005681219383824042,-0.000000000000000000005681219383824042,0.000000000000000000000043478735705251397,0.049971836697274404,1
1,0.8250000000000001,0.42500000000000004,0.42500000000000004,-0.000000000000000000026844845790741112,-0.0000000000000000000028189256484623118,-0.0000000000000000000028189256484623118,0.00000000000000000000002810783379247675,0.049971836697274404,1
1,0.8250000000000001,0.47500000000000003,0.47500000000000003,-0.000000000000000000029577035265404596,0.000000000000000000008413408858487512,0.000000000000000000008413408858487512,0.00000000000000000000004014126100809839,0.049971836697274404,1
1,0.8250000000000001,0.525,0.525,-0.000000000000000000032959746043559364,-0.000000000000000000009540979117872441,-0.000000000000000000009540979117872441,0.000000000000000000000052071219514212497,0.049971836697274404,1
1,0.8250000000000001,0.5750000000000001,0.5750000000000001,-0.000000000000000000025630539357557355,0.000000000000000000004727121472036801,0.000000000000000000004727121472036801,0.00000000000000000000002866310711494219,0.049971836697274404,1
1,0.8250000000000001,0.625,0.625,-0.00000000000000000002996734804749937,-0.0000000000000000000007372574772901407,-0.0000000000000000000007372574772901407,0.00000000000000000000002984542681287559,0.049971836697274404,1
1,0.8250000000000001,0.675,0.675,-0.000000000000000000026974950051439377,0.0000000000000000000006938893903907205,0.0000000000000000000006938893903907205,0.000000000000000000000036360822808212565,0.049971836697274404,1
1,0.8250000000000001,0.725,0.725,-0.00000000000000000002727852665973532,0.000000000000000000007936359902593902,0.000000000000000000007936359902593902,0.000000000000000000000013056916628589747,0.049971836697274404,1
1,0.8250000000000001,0.775,0.775,-0.00000000000000000003686287386450717,-0.000000000000000000017000290064572727,-0.000000000000000000017000290064572727,0.000000000000000000000046260280357899464,0.049971836697274404,1
1,0.8250000000000001,0.8250000000000001,0.8250000000000001,-0.00000000000000000002428612866367532,0.000000000000000000009020562075079402,0.000000000000000000009020562075079402,0.00000000000000000000002658389437650752,0.049971836697274404,1
1,0.8250000000000001,0.875,0.875,-0.00000000000000000002996734804749937,-0.0000000000000000000007372574772901407,-0.0000000000000000000007372574772901407,0.0000000006976827627313421,0.049971836697274404,1
1,0.8250000001088268,0.9250000003200147,0.9250000003200147,0.00000032538724274689923,0.000000958335651485867,0.000000958335651485867,-0.0000000013132353967592039,0.049971836697274404,1
1,0.8249999998911733,0.9749999996799853,0.9749999996799853,-0.00000032538724274694794,-0.0000009583356514858558,-0.0000009583356514858558,-0.0000000001413155422260143,0.04997670065397115,1
1,0.8749999998911733,0.024999999679985344,0.024999999679985344,-0.0000003253872427469243,-0.0000009583356514858556,-0.0000009583356514858556,0.000000002124722848800296,0.04997670065397115,1
1,0.8750000001088267,0.07500000032001466,0.07500000032001466,0.00000032538724274692655,0.0000009583356514858535,0.0000009583356514858535,0.00000000202044990855204,0.049971836697274404,1
1,0.875,0.125,0.125,0.000000000000000000001778091562876227,0.000000000000000000003686287386450714,0.000000000000000000003686287386450714,0.0000000025923297332546506,0.049971836697274404,1
1,0.875,0.175,0.175,0.0000000000000000000032526065174565128,0.0000000000000000000006505213034913042,0.0000000000000000000006505213034913042,0.000000002681628777397165,0.049971836697274404,1
1,0.875,0.225,0.225,0.000000000000000000005074066167232157,-0.000000000000000000005594483210025205,-0.000000000000000000005594483210025205,0.0000000026816287773971533,0.049971836697274404,1
1,0.875,0.275,0.275,0.000000000000000000000477048955893622,0.0000000000000000000007372574772901442,0.0000000000000000000007372574772901442,0.0000000026816287773971777,0.049971836697274404,1
1,0.875,0.325,0.325,0.0000000000000000000024286128663675295,0.000000000000000000007025630077706065,0.000000000000000000007025630077706065,0.0000000026816287773971744,0.049971836697274404,1
1,0.875,0.375,0.375,-0.0000000000000000000019949319973733277,-0.00000000000000000000520417042793042,-0.00000000000000000000520417042793042,0.0000000026816287773971942,0.049971836697274404,1
1,0.875,0.42500000000000004,0.42500000000000004,-0.000000000000000000002732189474663469,-0.000000000000000000004119968255444916,-0.000000000000000000004119968255444916,0.000000002681628777397229,0.049971836697274404,1
1,0.875,0.47500000000000003,0.47500000000000003,0.000000000000000000003035766082959413,0.000000000000000000009454242944073596,0.000000000000000000009454242944073596,0.000000002681628777397173,0.049971836697274404,1
1,0.875,0.525,0.525,-0.000000000000000000003079134169858832,-0.000000000000000000009324138683375342,-0.000000000000000000009324138683375342,0.000000002681628777397206,0.049971836697274404,1
1,0.875,0.5750000000000001,0.5750000000000001,0.0000000000000000000015178830414797059,0.000000000000000000004553649124439123,0.000000000000000000004553649124439123,0.0000000026816287773972062,0.049971836697274404,1
1,0.875,0.625,0.625,0.0000000000000000000027755575615628907,0,0,0.00000000268162877739721,0.049971836697274404,1
1,0.875,0.675,0.675,0.0000000000000000000002168404344971008,0.000000000000000000000043368086899420215,0.000000000000000000000043368086899420215,0.0000000026816287773972166,0.049971836697274404,1
1,0.875,0.725,0.725,0.000000000000000000005637851296924621,0.00000000000000000000841340885848752,0.00000000000000000000841340885848752,0.0000000026816287773971917,0.049971836697274404,1
1,0.875,0.775,0.775,-0.000000000000000000001257674520083187,-0.000000000000000000016609977282477943,-0.000000000000000000016609977282477943,0.000000002681628777397209,0.049971836697274404,1
1,0.875,0.8250000000000001,0.8250000000000001,0.0000000000000000000029490299091605715,0.000000000000000000008239936510889841,0.000000000000000000008239936510889841,0.000000002681628777397205,0.049971836697274404,1
1,0.875,0.875,0.875,0.0000000000000000000027755575615628907,0,0,0.0000000033721426246893857,0.049971836697274404,1
1,0.8750000001088267,0.9250000003200147,0.9250000003200147,0.00000032538724274692623,0.0000009583356514858556,0.0000009583356514858556,0.0000000012406370171173307,0.049971836697274404,1
1,0.8749999998911733,0.9749999996799853,0.9749999996799853,-0.00000032538724274693184,-0.0000009583356514858672,-0.0000009583356514858672,0.0000000007837466289009251,0.04997670065397115,1
1,0.9250000001501243,0.024999999704959933,0.024999999704959933,0.0000004499618235719839,-0.000000883864714534492,-0.000000883864714534492,-0.00000000040615199573096507,0.04997670065397115,1
1,0.9250000007535093,0.07500000033547041,0.07500000033547041,0.0000022554694258318835,0.0000010044726290655792,0.0000010044726290655792,-0.000000006041313359312415,0.049971836697274404,1
1,0.9250000006601383,0.125,0.125,0.0000019762191606646924,0.0000000000000000000045943067059073246,0.0000000000000000000045943067059073246,-0.000000005442464378681866,0.049971836697274404,1
1,0.9250000006601383,0.175,0.175,0.0000019762191606646844,-0.0000000000000000000008233160247311799,-0.0000000000000000000008233160247311799,-0.000000005363257554794369,0.049971836697274404,1
1,0.9250000006601383,0.225,0.225,0.000001976219160664669,-0.000000000000000000006240938755369685,-0.000000000000000000006240938755369685,-0.000000005363257554794307,0.049971836697274404,1
1,0.9250000006601383,0.275,0.275,0.000001976219160664688,0.0000000000000000000026020852139652107,0.0000000000000000000026020852139652107,-0.000000005363257554794362,0.049971836697274404,1
1,0.9250000006601383,0.325,0.325,0.0000019762191606646933,0.000000000000000000006942282035696245,0.000000000000000000006942282035696245,-0.000000005363257554794402,0.049971836697274404,1
1,0.9250000006601383,0.375,0.375,0.0000019762191606646946,-0.0000000000000000000017753810574450136,-0.0000000000000000000017753810574450136,-0.0000000053632575547944215,0.049971836697274404,1
1,0.9250000006601383,0.42500000000000004,0.42500000000000004,0.0000019762191606646984,-0.000000000000000000006586528197849439,-0.000000000000000000006586528197849439,-0.0000000053632575547944215,0.049971836697274404,1
1,0.9250000006601383,0.47500000000000003,0.47500000000000003,0.000001976219160664694,0.000000000000000000008239936510889833,0.000000000000000000008239936510889833,-0.000000005363257554794403,0.049971836697274404,1
1,0.9250000006601383,0.525,0.525,0.0000019762191606646937,-0.0000000000000000000053295313041240576,-0.0000000000000000000053295313041240576,-0.0000000053632575547944075,0.049971836697274404,1
1,0.9250000006601383,0.5750000000000001,0.5750000000000001,0.0000019762191606647064,0.000000000000000000006474719848811872,0.000000000000000000006474719848811872,-0.000000005363257554794449,0.049971836697274404,1
1,0.9250000006601383,0.625,0.625,0.000001976219160664702,-0.0000000000000000000020532078641444243,-0.0000000000000000000020532078641444243,-0.000000005363257554794442,0.049971836697274404,1
1,0.9250000006601383,0.675,0.675,0.0000019762191606647047,0.0000000000000000000020091621508872003,0.0000000000000000000020091621508872003,-0.000000005363257554794441,0.049971836697274404,1
1,0.9250000006601383,0.725,0.725,0.0000019762191606647043,0.0000000000000000000060579796387627554,0.0000000000000000000060579796387627554,-0.00000000536325755479446,0.049971836697274404,1
1,0.9250000006601383,0.775,0.775,0.0000019762191606646844,-0.0000000000000000000169982571854993,-0.0000000000000000000169982571854993,-0.000000005363257554794386,0.049971836697274404,1
1,0.9250000006601383,0.8250000000000001,0.8250000000000001,0.0000019762191606647077,0.000000000000000000010899619965268337,0.000000000000000000010899619965268337,-0.0000000053632575547944505,0.049971836697274404,1
1,0.9250000006601383,0.875,0.875,0.000001976219160664702,-0.0000000000000000000020532078641444243,-0.0000000000000000000020532078641444243,-0.000000004747079797707413,0.049971836697274404,1
1,0.9250000007535093,0.925000000304559,0.925000000304559,0.0000022554694258318984,0.0000009121986739061354,0.0000009121986739061354,-0.000000006754006594758828,0.049971836697274404,1
1,0.9250000001501243,0.9749999996550107,0.9749999996550107,0.0000004499618235719977,-0.0000010328065884372192,-0.0000010328065884372192,-0.000000001683792525157084,0.04997670065397115,1
1,0.9749999997020914,0.024999999834991276,0.024999999834991276,-0.0000008919057101126404,-0.0000004948390341510885,-0.0000004948390341510885,0.0000000006806307313698378,0.049981074048667085,1
1,0.9749999993942751,0.0750000002833543,0.0750000002833543,-0.0000018135255392912295,0.0000008485602362696402,0.0000008485602362696402,-0.0000000004819225731495402,0.049977892705309765,1
1,0.9749999993398617,0.125,0.125,-0.0000019762191606646903,0.000000000000000000003682221628303894,0.000000000000000000003682221628303894,-0.000000000000000000000004473972548873032,0.049977892705309765,1
1,0.9749999993398617,0.175,0.175,-0.0000019762191606646857,-0.0000000000000000000027762351879206945,-0.0000000000000000000027762351879206945,0.0000000000000000000000022634935821706845,0.049977892705309765,1
1,0.9749999993398617,0.225,0.225,-0.0000019762191606646747,-0.0000000000000000000020376224579149458,-0.0000000000000000000020376224579149458,-0.0000000000000000000000000968092978117805,0.049977892705309765,1
1,0.9749999993398617,0.275,0.275,-0.000001976219160664687,0.0000000000000000000006932117640329201,0.0000000000000000000006932117640329201,0.000000000000000000000004152427381141041,0.049977892705309765,1
1,0.9749999993398617,0.325,0.325,-0.0000019762191606646903,0.000000000000000000006199603547543675,0.000000000000000000006199603547543675,-0.0000000000000000000000037156330493474105,0.049977892705309765,1
1,0.9749999993398617,0.375,0.375,-0.000001976219160664697,-0.0000000000000000000013084964969184426,-0.0000000000000000000013084964969184426,-0.000000000000000000000006436665812842798,0.049977892705309765,1
1,0.9749999993398617,0.42500000000000004,0.42500000000000004,-0.0000019762191606646996,-0.000000000000000000007542658988710094,-0.000000000000000000007542658988710094,0.000000000000000000000011922526022177095,0.049977892705309765,1
1,0.9749999993398617,0.47500000000000003,0.47500000000000003,-0.00000197621916066469,0.000000000000000000008932470648564948,0.000000000000000000008932470648564948,-0.00000000000000000000000695643954276085,0.049977892705309765,1
1,0.9749999993398617,0.525,0.525,-0.000001976219160664698,-0.0000000000000000000031672255963732805,-0.0000000000000000000031672255963732805,0.00000000000000000000000413398751489116,0.049977892705309765,1
1,0.9749999993398617,0.5750000000000001,0.5750000000000001,-0.000001976219160664704,0.0000000000000000000044303211273188936,0.0000000000000000000044303211273188936,-0.000000000000000000000003798612447471817,0.049977892705309765,1
1,0.9749999993398617,0.625,0.625,-0.000001976219160664704,-0.0000000000000000000013145951341386742,-0.0000000000000000000013145951341386742,0.0000000000000000000000015904384640506828,0.049977892705309765,1
1,0.9749999993398617,0.675,0.675,-0.0000019762191606647047,0.0000000000000000000013586408473958978,0.0000000000000000000013586408473958978,0.000000000000000000000001212421205928507,0.049977892705309765,1
1,0.9749999993398617,0.725,0.725,-0.000001976219160664702,0.000000000000000000003192975397969814,0.000000000000000000003192975397969814,-0.000000000000000000000009088549077901229,0.049977892705309765,1
1,0.9749999993398617,0.775,0.775,-0.000001976219160664693,-0.000000000000000000011712093968274669,-0.000000000000000000011712093968274669,0.000000000000000000000012154176841940941,0.049977892705309765,1
1,0.9749999993398617,0.8250000000000001,0.8250000000000001,-0.0000019762191606647035,0.000000000000000000008556388019984044,0.000000000000000000008556388019984044,-0.000000000000000000000005868487434018961,0.049977892705309765,1
1,0.9749999993398617,0.875,0.875,-0.000001976219160664704,-0.0000000000000000000013145951341386742,-0.0000000000000000000013145951341386742,0.00000000029683255596170645,0.049977892705309765,1
1,0.9749999993942751,0.9250000001745277,0.9250000001745277,-0.0000018135255392912392,0.0000005231729935227179,0.0000005231729935227179,-0.0000000007949445630014519,0.049977892705309765,1
1,0.9749999997020914,0.9749999997071268,0.9749999997071268,-0.0000008919057101126542,-0.0000008768941956412798,-0.0000008768941956412798,0,0.049981074048667085,1
