m,x,y,h,rho
0.1,-0.4518447992730764,0.12184087356339693,0.1,1
0.1,0.12599188258457575,-0.32090971114891703,0.1,1
0.1,-0.4029680590363729,-0.5838422396834301,0.1,1
0.1,0.578149830223566,0.15382314689290114,0.1,1
0.1,-0.6639488138132288,0.26183978890507775,0.1,1
0.1,0.01952161575871841,0.5839735135202604,0.1,1
0.1,0.14454972174266117,0.13547909967287036,0.1,1
0.1,0.4050207152598204,-0.34096146208612527,0.1,1
0.1,-0.030459558528232913,0.5181150572143084,0.1,1
0.1,0.023421759919352896,0.29118172182650015,0.1,1
0.1,0.07318800049020611,0.18494951842693733,0.1,1
0.1,-0.4623179748250779,0.4167269874251855,0.1,1
0.1,-0.7322303513408999,0.033885239819939655,0.1,1
0.1,-0.023657164714908294,-0.6568286378768174,0.1,1
0.1,-0.294795000076529,-0.11924043278269116,0.1,1
0.1,0.25177213324753817,0.2840459228078391,0.1,1
0.1,-0.33592001680534844,0.5612521878647773,0.1,1
0.1,-0.053941688169865276,0.6789500913269401,0.1,1
0.1,0.021195822148944943,-0.634591583865477,0.1,1
0.1,0.00805677831177577,-0.07052165883811926,0.1,1
0.1,-0.4585432662338634,0.11958548344245376,0.1,1
0.1,0.4529670212236664,0.38385779562315325,0.1,1
0.1,-0.08218202097320011,0.29407090984987455,0.1,1
0.1,0.6104894152341943,-0.3484082519238551,0.1,1
0.1,0.4475987438820669,0.32363319785929723,0.1,1
0.1,-0.18667837514681498,0.7033050919164462,0.1,1
0.1,0.12440836145282112,-0.2246278729056563,0.1,1
0.1,-0.20317693191555994,0.02165105262668766,0.1,1
0.1,-0.4590571850332018,0.5719755352973521,0.1,1
0.1,-0.7081661145515465,0.14212143724491794,0.1,1
0.1,-0.2364392120172543,-0.40149036026893087,0.1,1
0.1,-0.5855772322605889,-0.15987394240139388,0.1,1
0.1,0.22564231546479893,0.18710092159274505,0.1,1
0.1,0.27120182477493454,-0.23900923380321676,0.1,1
0.1,-0.48069986701544903,-0.4853099923698089,0.1,1
0.1,0.12418691033771048,-0.48172755529831385,0.1,1
0.1,0.05419981011665156,0.28648274452450945,0.1,1
0.1,0.11040693977125984,0.47670951930751215,0.1,1
0.1,0.6959055200712043,-0.22899717459654859,0.1,1
0.1,0.12308386260185795,-0.060101155666430504,0.1,1
0.1,-0.05380466251532386,-0.23015821974515618,0.1,1
0.1,0.628907922885502,-0.09278845183567964,0.1,1
0.1,0.21082111360750244,0.5242843964819617,0.1,1
0.1,-0.5463981772916527,-0.19085914068143564,0.1,1
0.1,-0.010856683700649466,-0.243799748531259,0.1,1
0.1,0.27230181406768317,-0.11601836147790183,0.1,1
0.1,-0.5763096768405702,-0.18080097289899355,0.1,1
0.1,0.49911727028723846,0.10105946342989841,0.1,1
0.1,0.3298500194214624,-0.0016454851797307979,0.1,1
0.1,-0.06183691815997258,0.26474119910970895,0.1,1
0.1,0.1359025198192116,0.6523464858857637,0.1,1
0.1,0.5040494610386663,-0.014604345695713655,0.1,1
0.1,-0.14811358945510994,0.40793107417766156,0.1,1
0.1,-0.4959749133794249,-0.22623452018391,0.1,1
0.1,0.567618878080127,0.154187117670951,0.1,1
0.1,0.45537199794603345,-0.3945752792146865,0.1,1
0.1,0.3731695471477409,0.29829332179858653,0.1,1
0.1,0.7212719284500412,0.16122554904952463,0.1,1
0.1,0.31518828701157714,0.3913833203954373,0.1,1
0.1,0.4127796804074037,0.5422200035938856,0.1,1
0.1,-0.24939273874419957,0.07247377992348782,0.1,1
0.1,0.6549469092491338,0.29015152792163235,0.1,1
0.1,-0.347089161317519,0.4172774898148848,0.1,1
0.1,-0.06777407855528678,0.6561734326258003,0.1,1
0.1,-0.31891376446094444,-0.5010716078830272,0.1,1
0.1,-0.4832690680304,-0.37169100898178586,0.1,1
0.1,-0.048116375398845494,-0.5630153432946133,0.1,1
0.1,-0.5663977483774908,0.2087313874785115,0.1,1
0.1,0.06800403504009611,-0.24128817264074567,0.1,1
0.1,-0.23987897893816695,-0.07125506926759831,0.1,1
0.1,0.3122754422782454,-0.5555597094660798,0.1,1
0.1,0.10187162154008171,0.21509223270189298,0.1,1
0.1,0.08980320126352485,0.0850349334392802,0.1,1
0.1,-0.4185402008876233,-0.30385775609572013,0.1,1
0.1,-0.11803758557423792,-0.4466046495202803,0.1,1
0.1,-0.18490321988173328,-0.07524009391675122,0.1,1
0.1,-0.1906862663939344,0.1742106090931849,0.1,1
0.1,-0.30297161279764306,0.5623435315897667,0.1,1
0.1,-0.34783526610216814,0.5330240181947892,0.1,1
0.1,-0.5405353876692756,0.13489271530878852,0.1,1
0.1,0.5888101187726643,0.22696770961608037,0.1,1
0.1,-0.14655211258347792,0.3550037636072968,0.1,1
0.1,0.27544291832287554,0.44073502628587463,0.1,1
0.1,0.13571634785802988,-0.3516496569059664,0.1,1
0.1,0.3228918388981853,0.15207337939972546,0.1,1
0.1,-0.24885879442873857,0.360930942249872,0.1,1
0.1,-0.1765261421844298,0.39731949436405206,0.1,1
0.1,0.11544178086096091,0.1749018708479588,0.1,1
0.1,-0.02763468051714442,-0.28238766331644827,0.1,1
0.1,0.03273062267142666,0.33862457566288356,0.1,1
0.1,-0.11710366583662872,-0.7155149444673309,0.1,1
0.1,-0.005684045966068476,-0.04494633889324365,0.1,1
0.1,0.1097776918968529,0.7323180268222156,0.1,1
0.1,0.2726536521639382,0.05998531795319251,0.1,1
0.1,-0.49309251468319115,0.15794805858423097,0.1,1
0.1,0.09823260314733366,0.3775634617084026,0.1,1
0.1,0.3660400166188209,-0.41765398317595737,0.1,1
0.1,-0.3641709469121664,-0.45407141337926477,0.1,1
0.1,-0.008806583581418852,-0.5625097632987107,0.1,1
0.1,0.11974385071664147,0.3397056943007595,0.1,1
0.1,0.17511215352315895,0.6123306703044946,0.1,1
0.1,0.6612669407009121,0.320916288406592,0.1,1
0.1,-0.4228926342378443,-0.0451726479571952,0.1,1
0.1,0.00559329949992105,-0.7110074229981935,0.1,1
0.1,0.32258817203265167,-0.19382352823910096,0.1,1
0.1,0.029777152042047294,-0.07537612627205666,0.1,1
0.1,0.36117000206508376,0.23844005334145935,0.1,1
0.1,0.542589344886232,-0.382673943981849,0.1,1
0.1,-0.4679355439663907,-0.29771693956572354,0.1,1
0.1,-0.38366464463647737,-0.4513442881989433,0.1,1
0.1,-0.45850909509466525,0.1575306063339807,0.1,1
0.1,-0.4707776269520079,-0.5380104982641836,0.1,1
0.1,0.32894024355407114,0.06537887170838383,0.1,1
0.1,-0.11240308398631743,-0.1541587837162723,0.1,1
0.1,0.10840058260245283,0.6062058773933259,0.1,1
0.1,0.30786291776833813,-0.6181281801893027,0.1,1
0.1,-0.055530835349249325,-0.20770538957340057,0.1,1
0.1,-0.019839308086274435,-0.6721754135831111,0.1,1
0.1,0.05666830359729556,-0.09149439122008445,0.1,1
0.1,-0.46740124613396156,-0.19038344713269356,0.1,1
0.1,0.2325193211254793,-0.45193810521763567,0.1,1
0.1,0.20813916659431422,-0.6307945925742486,0.1,1
0.1,0.36964906621737653,0.34796944779226846,0.1,1
0.1,-0.17060130903688936,0.056252927152188895,0.1,1
0.1,0.00024884427480873574,-0.34043340618335244,0.1,1
0.1,-0.2661039555218722,-0.09608462918633429,0.1,1
0.1,0.19267134385383888,0.20893550381136314,0.1,1
0.1,0.058014972287625644,0.0021471710790527897,0.1,1
0.1,-0.12452631329031318,0.6528132068083053,0.1,1
0.1,-0.546547587684268,0.3975330996323327,0.1,1
0.1,-0.08537558734033203,-0.3367855133258063,0.1,1
0.1,0.01433272988162308,-0.47543977059099485,0.1,1
0.1,0.5956563968737377,0.39365536174847704,0.1,1
0.1,0.3042163286031186,-0.1145158155348304,0.1,1
0.1,-0.5187545819474255,-0.02453464435844717,0.1,1
0.1,-0.5229528315639146,-0.16100438955373864,0.1,1
0.1,0.39084932142779316,0.05868910008301795,0.1,1
0.1,0.6126830093460754,0.2002723119381859,0.1,1
0.1,-0.25832337401390026,0.6050885846696603,0.1,1
0.1,0.07022266837880085,0.51826862132698,0.1,1
0.1,-0.20935693930520385,0.41194566206751126,0.1,1
0.1,0.2111254283577098,0.6034651219599103,0.1,1
0.1,-0.3227248315567941,0.2148982414344021,0.1,1
0.1,-0.25713193266171464,0.5314799990149836,0.1,1
0.1,0.02526414164619467,-0.41844039569661523,0.1,1
0.1,-0.6403879442756447,-0.10558826606171787,0.1,1
0.1,0.595576222878479,-0.2270332669688727,0.1,1
0.1,-0.710979877166706,-0.15022306201377283,0.1,1
0.1,-0.41709617898887513,0.30955594334094094,0.1,1
0.1,-0.1808161946853765,0.7167478857511591,0.1,1
0.1,0.2760507968653272,0.13780271605017544,0.1,1
0.1,0.0138229016940243,-0.5597918852173998,0.1,1
0.1,-0.15279898801518055,0.08733646929327808,0.1,1
0.1,-0.18770250147192374,0.3801152505979496,0.1,1
0.1,0.615575363377103,-0.24682629577352871,0.1,1
0.1,0.11077080741405605,0.30754224836495375,0.1,1
0.1,-0.60332483891756,0.04144614003721907,0.1,1
0.1,-0.5735802057265228,0.18995407890472127,0.1,1
0.1,-0.30900653470579803,-0.1011554779973474,0.1,1
0.1,0.3174707036420243,-0.15716499161390307,0.1,1
0.1,0.36986559066022057,-0.14742974128667588,0.1,1
0.1,0.5753996762715035,0.028973871532764962,0.1,1
0.1,-0.49587385777202375,-0.25379181617195223,0.1,1
0.1,-0.13832345544220676,0.33973861234345804,0.1,1
0.1,0.25645858441137975,0.09129165642617415,0.1,1
0.1,0.497712334350873,-0.26195524524499936,0.1,1
0.1,0.35626216263258464,-0.6027520201660812,0.1,1
0.1,-0.1976587994965014,0.4916147167335851,0.1,1
0.1,-0.2189784673271148,-0.5850106427423636,0.1,1
0.1,-0.09571335337061529,-0.6283602437476837,0.1,1
0.1,-0.3048108569987587,0.2811712834812575,0.1,1
0.1,0.0644103366148972,-0.22466249207289726,0.1,1
0.1,0.1317173661855544,0.5489311843120308,0.1,1
0.1,-0.26948199688048396,0.21966957925916422,0.1,1
0.1,0.2945784912348905,-0.043550169560325154,0.1,1
0.1,-0.3121682549081564,0.6332930200532988,0.1,1
0.1,0.33418130614082153,0.2251946668695169,0.1,1
0.1,0.43215174904170534,-0.46896028377655063,0.1,1
0.1,0.4690975572274741,-0.18052188347324735,0.1,1
0.1,-0.012836051224480246,0.6554521142110532,0.1,1
0.1,0.13434590753171402,0.27936511709707806,0.1,1
0.1,-0.32055811850805677,0.36704425894599263,0.1,1
0.1,0.13626942204058345,0.6928177224293921,0.1,1
0.1,0.13747788688748136,0.3739514439236629,0.1,1
0.1,-0.17854440760214013,-0.3639093106233343,0.1,1
0.1,0.46495726825179573,-0.3956703052932711,0.1,1
0.1,-0.14095197393499853,0.5209025094269947,0.1,1
0.1,-0.34167705601583775,-0.6639536089424233,0.1,1
0.1,0.06862778318380731,0.31561156483698105,0.1,1
0.1,-0.010931046068405963,-0.487124032270388,0.1,1
0.1,-0.053015471256161635,-0.5346652012837863,0.1,1
0.1,0.6113253297909926,-0.02463136827281607,0.1,1
0.1,0.6047281529908433,-0.2545836637543362,0.1,1
0.1,0.14698985942128517,-0.672412949970402,0.1,1
0.1,0.09664963107967073,-0.29804496340341374,0.1,1
0.1,-0.10141981192605959,-0.2698574824821826,0.1,1
0.1,-0.6605593018960072,0.27092587788091027,0.1,1
0.1,-0.05282508108938016,-0.3501561037345681,0.1,1
0.1,-0.021147724726284182,0.31759034445799406,0.1,1
0.1,0.12619246364179668,0.15910851508554913,0.1,1
0.1,-0.10000837826679988,-0.012373541876726308,0.1,1
0.1,-0.04152557815620719,0.22452946541385577,0.1,1
0.1,-0.5769149811398657,0.3576162804786933,0.1,1
0.1,0.22571850575397542,-0.6759012376095501,0.1,1
0.1,0.39006750730014356,-0.43183422646005937,0.1,1
0.1,-0.04535366676906126,0.4604273227473904,0.1,1
0.1,0.07609972543337476,-0.4029421949137117,0.1,1
0.1,0.16605232602750133,0.29951032148214046,0.1,1
0.1,0.13424079742149803,0.5619601633293543,0.1,1
0.1,-0.5859819557455647,0.023435588905370966,0.1,1
0.1,-0.18309060193831128,-0.04995800481516207,0.1,1
0.1,0.5989863096633429,0.0461748481809828,0.1,1
0.1,0.10329277860361073,0.5396807289435076,0.1,1
0.1,0.5381311431156772,-0.0521355606190257,0.1,1
0.1,-0.5080657952317374,0.2629887918096605,0.1,1
0.1,-0.19767720275500178,0.08010795435068056,0.1,1
0.1,-0.32512559093176857,-0.4548033014518911,0.1,1
0.1,-0.6180447707844225,-0.35596458245742746,0.1,1
0.1,0.26872324992935553,-0.45723697697570514,0.1,1
0.1,-0.031430121574224035,0.18716366829335504,0.1,1
0.1,0.33070417213327225,-0.5853132521792964,0.1,1
0.1,0.6227308143431447,0.03258734405738641,0.1,1
0.1,-0.5789492057491755,0.41407765097183086,0.1,1
0.1,-0.49680148603993307,0.3748104572641943,0.1,1
0.1,-0.3130225811389095,0.30822487586783104,0.1,1
0.1,0.11329202615374546,-0.5680273247527248,0.1,1
0.1,-0.4448940057706007,-0.4426646803022624,0.1,1
0.1,0.3969172433335716,-0.5564409138431344,0.1,1
0.1,0.6263668692125671,-0.10501250069934454,0.1,1
0.1,0.1081773692588791,-0.36609375226899876,0.1,1
0.1,-0.6307433460592978,0.013521751611435437,0.1,1
0.1,-0.12907455487436592,0.7379257181416085,0.1,1
0.1,-0.31062631717564004,0.4607230603324635,0.1,1
0.1,-0.3407437670757517,0.5001417883770387,0.1,1
0.1,0.6095781127341262,0.2907893195913209,0.1,1
0.1,-0.2997541309281188,0.5870497043386549,0.1,1
0.1,0.3652572661348848,-0.47674838870293634,0.1,1
0.1,-0.4495410024983913,0.5948032908617488,0.1,1
0.1,0.615613162914875,0.23230828936117187,0.1,1
0.1,-0.0012921317195188767,-0.2890028979066396,0.1,1
0.1,-0.14147502166238776,-0.2582004582097818,0.1,1
0.1,0.42026456531574674,-0.25758731313904465,0.1,1
0.1,0.2909955387028117,0.16655331284334815,0.1,1
0.1,-0.5484460137489697,0.2977592412839338,0.1,1
0.1,0.3401965791276699,-0.45348353636205524,0.1,1
0.1,-0.1449493041826733,0.009568435971757707,0.1,1
0.1,-0.03789776241909011,0.415229898655122,0.1,1
0.1,-0.37284691792330765,-0.23888321744699142,0.1,1
0.1,-0.23218743363704455,-0.3574084117162456,0.1,1
0.1,-0.31897902340329104,0.1798046910430283,0.1,1
0.1,-0.29986803330332945,-0.1459265613857152,0.1,1
0.1,-0.20872371694505149,0.1391330094637538,0.1,1
0.1,-0.34548915934143526,0.2037530241124267,0.1,1
0.1,-0.23247119292968774,0.4764084472242435,0.1,1
0.1,0.3989842918460239,0.326599073847183,0.1,1
0.1,0.017234066056381423,-0.03914824980926366,0.1,1
0.1,-0.4701973265708871,-0.2162401847634235,0.1,1
0.1,-0.560445588656509,0.3381765030602644,0.1,1
0.1,-0.2806108721009709,-0.2677888518724534,0.1,1
0.1,0.3710648033595251,0.0406214256056365,0.1,1
0.1,-0.03223752512066762,0.4557190380562912,0.1,1
0.1,0.4810314310514541,-0.18090103408466368,0.1,1
0.1,0.10231003689203909,-0.7032509997843286,0.1,1
0.1,-0.47584176072471757,0.4687735455430367,0.1,1
0.1,-0.12463342097646181,-0.23803113163321749,0.1,1
0.1,0.7233114344795442,0.12294911131910342,0.1,1
0.1,-0.32316191195208116,0.5371835262985043,0.1,1
0.1,0.5024304635685246,-0.25203814488344334,0.1,1
0.1,-0.31112150558383705,0.6160766580734417,0.1,1
0.1,-0.10512585133826648,-0.470465832047468,0.1,1
0.1,0.6400049610432962,-0.28411628409603384,0.1,1
0.1,-0.6983888002233304,-0.261103614524949,0.1,1
0.1,-0.2830223242932654,-0.6806559645637612,0.1,1
0.1,0.10899095373636487,-0.5329498068242039,0.1,1
0.1,0.04133005758423584,0.4472093498551745,0.1,1
0.1,-0.14240876556580975,0.5572974946545729,0.1,1
0.1,-0.4382201002858412,0.4773535761310043,0.1,1
0.1,0.11841087764124335,-0.5787287002949327,0.1,1
0.1,-0.18593493171436315,0.3092083390046569,0.1,1
0.1,0.41707570622850515,-0.048520074557748545,0.1,1
0.1,-0.13115801184497988,0.4331614997445839,0.1,1
0.1,0.3237133092435872,0.46922910345866586,0.1,1
0.1,0.6681170262632992,0.3154877300309768,0.1,1
0.1,0.013486954217947798,0.3139495497292864,0.1,1
0.1,0.1501424892499264,-0.23981446599813935,0.1,1
0.1,-0.3277895220178421,-0.5107152415092115,0.1,1
0.1,-0.3686587416561751,-0.4103270430416553,0.1,1
0.1,0.4014857975210268,0.37973201202528506,0.1,1
0.1,-0.17896958931441714,-0.5366808911712013,0.1,1
0.1,-0.5982379448002886,0.09438793404128525,0.1,1
0.1,-0.5219899411648898,0.48368817215555393,0.1,1
0.1,0.5953147119755939,0.3545536230977389,0.1,1
0.1,0.31324662619098287,-0.2952317983493539,0.1,1
0.1,-0.37413221902111377,0.6388934260644201,0.1,1
0.1,0.6757796181440923,-0.19215065094333314,0.1,1
0.1,0.17944660795639364,-0.29258809693245025,0.1,1
0.1,0.09112490687057215,-0.05258723204201858,0.1,1
0.1,0.0310830347822922,0.5803263092242366,0.1,1
0.1,-0.4990046987166168,0.35431591697560366,0.1,1
0.1,0.29082894395598785,0.19546415110377358,0.1,1
0.1,-0.10560242601191581,0.7240248390511336,0.1,1
0.1,-0.36481346631755107,-0.463526044061385,0.1,1
0.1,-0.6181038513789551,-0.3034195857883496,0.1,1
0.1,-0.6588422033687176,0.24684671077071577,0.1,1
0.1,0.34341244665213605,-0.489955239408599,0.1,1
0.1,0.15469265566241747,-0.2977507406687094,0.1,1
0.1,-0.4307951571711322,-0.29160454878154657,0.1,1
0.1,0.3699765953405533,-0.4949368272930396,0.1,1
0.1,-0.13512098279257848,-0.42993709989120105,0.1,1
0.1,0.3244268887940865,-0.2629168189117938,0.1,1
0.1,-0.6650126698453963,0.0791896070709188,0.1,1
0.1,-0.2426939936125023,-0.33325382670242937,0.1,1
0.1,-0.4416376881677659,-0.14907085448887497,0.1,1
0.1,-0.24345648890291233,0.0043553656489404595,0.1,1
0.1,0.3514220787585555,-0.5079102054960711,0.1,1
0.1,0.029982956170649964,-0.13731259490384923,0.1,1
0.1,-0.6791881857925612,-0.01605890213181553,0.1,1
0.1,0.1851510576618834,0.01808904307516803,0.1,1
0.1,0.09168485095761818,-0.7333392809842464,0.1,1
0.1,0.3958102921392041,0.08058561141104882,0.1,1
0.1,0.5236527755208911,-0.42598445927067313,0.1,1
0.1,-0.23692230087063937,0.6919249014584721,0.1,1
0.1,0.39957252161925955,0.46159273606100426,0.1,1
0.1,-0.5637443590759188,0.2111503465962866,0.1,1
0.1,0.00596327472526373,0.3699596508365924,0.1,1
0.1,0.6665939455369301,0.26135101127312693,0.1,1
0.1,0.38184276876183554,-0.4659278755641007,0.1,1
0.1,0.0015509294881901844,-0.19486424181173798,0.1,1
0.1,-0.4026554639767608,-0.12930602859105025,0.1,1
0.1,0.31716861886258996,0.6587526738507488,0.1,1
0.1,0.30629482184472584,-0.2814740355640091,0.1,1
0.1,-0.11394819927433025,-0.5924977623721033,0.1,1
0.1,0.11458077961107559,0.23683845820068367,0.1,1
0.1,-0.08080307113696954,0.11228833944489199,0.1,1
0.1,-0.6007026789893047,-0.21543087206101605,0.1,1
0.1,0.5280222517998553,-0.17725900507500617,0.1,1
0.1,0.3614961666465674,0.501501302403074,0.1,1
0.1,0.3629100195141413,-0.44106249190424396,0.1,1
0.1,0.029588380086693,-0.37176553799555834,0.1,1
0.1,0.06778466771753794,0.09923011371997591,0.1,1
0.1,0.49605545258759565,-0.23345408080702917,0.1,1
0.1,-0.5094793656332353,-0.24213687687045277,0.1,1
0.1,-0.32341978339955707,-0.27589230446761376,0.1,1
0.1,0.38489782159499253,-0.16259913234957557,0.1,1
0.1,0.4347993748302027,0.4592770071227349,0.1,1
0.1,0.3605093692112177,0.17740386524953597,0.1,1
0.1,0.4169212610047772,-0.280627954068127,0.1,1
0.1,0.18394034120404476,0.1684529340434772,0.1,1
0.1,-0.23297156029896396,0.6738898535774731,0.1,1
0.1,0.20548978612438565,0.06409910807172477,0.1,1
0.1,0.678495408526819,0.1083469222765109,0.1,1
0.1,0.08155028064229214,0.5401182259881321,0.1,1
0.1,0.052769367724184654,-0.617403134643651,0.1,1
0.1,0.019670974707097628,-0.28741967214681685,0.1,1
0.1,0.22615678565513636,-0.36160875815823285,0.1,1
0.1,0.551770387773942,-0.403495570413488,0.1,1
0.1,0.21362735700141322,-0.06220731298564124,0.1,1
0.1,0.20811019799633476,-0.3723968158733566,0.1,1
0.1,-0.15595904769419974,0.11694151178091439,0.1,1
0.1,-0.46634823297887396,-0.48664450587356217,0.1,1
0.1,0.03775663710432591,-0.6034322121525247,0.1,1
0.1,-0.2361322105191439,0.07256185442719855,0.1,1
0.1,0.6150525988119883,-0.23925417149024433,0.1,1
0.1,0.45929295099037537,0.28241559203977035,0.1,1
0.1,0.5284388027556811,0.2666275959721607,0.1,1
0.1,0.18762501441273383,-0.5774052506089542,0.1,1
0.1,0.649591993439226,-0.1467104831789139,0.1,1
0.1,-0.22151698282080964,0.7159834635679818,0.1,1
0.1,-0.2876918409774664,-0.5365178968451509,0.1,1
0.1,0.17448271683903263,0.41359142509266456,0.1,1
0.1,-0.4432699860690068,-0.5558465659626012,0.1,1
0.1,-0.016559755737138353,-0.6019204403740073,0.1,1
0.1,0.0126095378429145,0.13402989963805556,0.1,1
0.1,-0.5149433286430688,-0.5356606594917138,0.1,1
0.1,-0.42575862588143065,-0.4818965379854074,0.1,1
0.1,-0.4262491020259287,0.4941603426799619,0.1,1
0.1,0.3612300867054165,-0.5825067006797305,0.1,1
0.1,-0.6686532646370464,-0.26802300070046453,0.1,1
0.1,-0.270514927873507,-0.5559117524557161,0.1,1
0.1,0.27632999394445806,-0.15280070953044989,0.1,1
0.1,0.2384334087057077,0.14123698397414172,0.1,1
0.1,0.1128748762174918,-0.19130347632352976,0.1,1
0.1,-0.2828865072397481,-0.5814547383375073,0.1,1
0.1,-0.2985166848867922,0.63618928208132,0.1,1
0.1,0.6321882239226977,-0.1817016699221763,0.1,1
0.1,-0.10931204975626486,0.5479733257448822,0.1,1
0.1,0.13870169275399946,-0.5268039098645856,0.1,1
0.1,0.35602134654218703,0.1865189636103018,0.1,1
0.1,0.545109239851509,0.47340593862909097,0.1,1
0.1,0.2206994224173802,-0.5467259552615683,0.1,1
0.1,0.24855123598934514,-0.10433749823825149,0.1,1
0.1,0.619565289064729,-0.3952710398484801,0.1,1
0.1,0.33568706730101333,0.3553276072343919,0.1,1
0.1,-0.10888894410575865,-0.04680460294397775,0.1,1
0.1,-0.3011808973418358,-0.6510488022135199,0.1,1
0.1,-0.10567557941624771,-0.7279261008169096,0.1,1
0.1,-0.04235030468614205,0.25866138341942346,0.1,1
0.1,0.08038897743532283,0.24779068001943755,0.1,1
0.1,0.4754827330110045,0.08361939350902492,0.1,1
0.1,0.07619783573929251,-0.5535265842415451,0.1,1
0.1,0.5489731695538719,-0.09218486671953725,0.1,1
0.1,-0.03903711875738872,-0.2816222563521806,0.1,1
0.1,0.11002035182240431,0.5464447181945877,0.1,1
0.1,-0.6785168276869639,0.27137971709740233,0.1,1
0.1,0.48678060318833416,-0.12374194248598472,0.1,1
0.1,0.2658909702651831,-0.6173124555625417,0.1,1
0.1,-0.4922450005590069,0.112077512104118,0.1,1
0.1,-0.03660919639735499,-0.4039371145357482,0.1,1
0.1,-0.21564520414555233,-0.5558529316562255,0.1,1
0.1,0.34027961717165356,0.1317617568965055,0.1,1
0.1,0.41522067842572,-0.17179324992154665,0.1,1
0.1,0.470230328739201,-0.47152482560728814,0.1,1
0.1,0.5101941272805058,0.0892586087413629,0.1,1
0.1,-0.15578640122307794,0.1218251200889514,0.1,1
0.1,-0.5637406834149794,-0.0795211967990739,0.1,1
0.1,-0.009222868120223717,-0.5123252866982715,0.1,1
0.1,-0.10385206246452021,0.5150322497223682,0.1,1
0.1,0.4950257839437817,0.5196413898886697,0.1,1
0.1,0.45172559783021626,-0.3815746966228999,0.1,1
0.1,-0.6941628803391875,0.2035797774119688,0.1,1
0.1,0.5831980610856571,-0.2667116107434658,0.1,1
0.1,0.17076300691554844,-0.5515662747027289,0.1,1
0.1,0.3367921295224147,-0.44060846009319676,0.1,1
0.1,-0.17598748467929182,-0.5195054334800252,0.1,1
0.1,0.15458831983755406,-0.35405485026169725,0.1,1
0.1,-0.4080353004804019,-0.34179378577207453,0.1,1
0.1,-0.5369802192884259,-0.22891450282046014,0.1,1
0.1,-0.0997174627523662,-0.025535054037419843,0.1,1
0.1,-0.7307583696863991,-0.1279677005449661,0.1,1
0.1,0.3269873722580042,0.4916664367412244,0.1,1
0.1,0.06547204390232195,0.01475434665101717,0.1,1
0.1,-0.23512165519519118,0.6659169665087584,0.1,1
0.1,-0.2519901473257454,0.7060617590804573,0.1,1
0.1,0.018508903107531366,0.6766029424354852,0.1,1
0.1,0.3288032250343556,-0.363393384773338,0.1,1
0.1,-0.5223024499208434,-0.18781172686937517,0.1,1
0.1,-0.24391357042309808,-0.3594317416600949,0.1,1
0.1,0.5195459389664591,-0.4469644957139764,0.1,1
0.1,-0.38046378511797047,-0.46960486469753954,0.1,1
0.1,0.6568465699928407,-0.11355652454750921,0.1,1
0.1,0.07035200642802011,-0.5216891243236172,0.1,1
0.1,0.5021373059082008,-0.2878681386387354,0.1,1
0.1,0.7194279620848192,0.08254937503991794,0.1,1
0.1,0.3022326694294195,0.48762915020720804,0.1,1
0.1,-0.24472983668780812,-0.0021402421524455277,0.1,1
0.1,0.03781567190986078,0.4946629608522515,0.1,1
0.1,-0.6088738460026814,0.1815850681735059,0.1,1
0.1,-0.02518144129080623,-0.49315368184206254,0.1,1
0.1,-0.025620026395979784,-0.7206565953175694,0.1,1
0.1,-0.1055039718945607,-0.2627921455585914,0.1,1
0.1,-0.019260790724583247,0.2505332870819453,0.1,1
0.1,-0.6333110117027025,-0.38991684431342016,0.1,1
0.1,0.4171427549279069,-0.2496038269393718,0.1,1
0.1,-0.1925030960518937,0.2977968027534464,0.1,1
0.1,-0.5971678650531365,-0.04743208632278324,0.1,1
0.1,-0.47111005509104636,-0.39027506452159033,0.1,1
0.1,-0.07232563696748585,-0.5318942614004502,0.1,1
0.1,0.5685343314215561,-0.3471830884768487,0.1,1
0.1,0.14567340752111352,0.6869180510508364,0.1,1
0.1,-0.6090567934057076,0.0022903333320222013,0.1,1
0.1,0.5381834601540606,-0.09895447631547101,0.1,1
0.1,0.4290945567889776,-0.39869794767732564,0.1,1
0.1,-0.11762763682633755,-0.5439713858204599,0.1,1
0.1,-0.7274637333883397,0.07133740659745957,0.1,1
0.1,-0.513341613544996,0.03211917995617853,0.1,1
0.1,-0.12705009956241967,-0.40594278083636204,0.1,1
0.1,0.09512994088190185,0.13171738740869057,0.1,1
0.1,-0.3349656805446112,-0.347417015226909,0.1,1
0.1,0.5190548778051486,0.38321808468027224,0.1,1
0.1,0.45530470964096736,-0.16300778441510475,0.1,1
0.1,-0.669546850251065,-0.2987101237892553,0.1,1
0.1,-0.2225255260364405,0.5693250589173737,0.1,1
0.1,-0.45082600727938243,0.07376376919002614,0.1,1
0.1,0.0031593213561022376,-0.19576193991016672,0.1,1
0.1,0.14268700290111855,0.015533602968648693,0.1,1
0.1,0.6471829731958445,0.1785312972723967,0.1,1
0.1,0.3939610460348739,0.4905312281357446,0.1,1
0.1,0.10301720873832566,-0.4787203239561257,0.1,1
0.1,-0.19065151331931923,-0.1497430151677262,0.1,1
0.1,-0.08455013449660063,-0.49145229182944217,0.1,1
0.1,0.6383093387062589,-0.33299318003665196,0.1,1
0.1,0.5447418161250329,-0.11722096751469084,0.1,1
0.1,0.6679943849281641,0.3398429467873999,0.1,1
0.1,0.2573908027239185,-0.5205471642700481,0.1,1
0.1,-0.4147684841409177,-0.1359603849387054,0.1,1
0.1,-0.35630747227002574,0.21358090269925584,0.1,1
0.1,0.08515662367417899,0.7125715532846609,0.1,1
0.1,0.04512862835661589,0.3308498632357368,0.1,1
0.1,-0.6301589729799566,0.18573292503047373,0.1,1
0.1,0.0996047560096565,0.6674923452855005,0.1,1
0.1,0.4655405571209037,-0.45251479968774677,0.1,1
0.1,-0.22439228990788446,0.011540984866548868,0.1,1
0.1,-0.47050796430952935,-0.14656873848096402,0.1,1
0.1,-0.31523024148216766,-0.6032266591517673,0.1,1
0.1,0.22288539246668926,-0.2788721827805484,0.1,1
0.1,0.6768066936243711,0.15592828790548138,0.1,1
0.1,0.15644999184671315,0.49015575550258883,0.1,1
0.1,0.1196960194531435,-0.013699174400955165,0.1,1
0.1,-0.1645598094991915,-0.490287569956471,0.1,1
0.1,0.44437480151631353,-0.522056308343457,0.1,1
0.1,0.14548430735800288,0.5973027979051756,0.1,1
0.1,-0.4581493107855839,0.32607170417260156,0.1,1
0.1,0.08437060677584414,0.452166869930639,0.1,1
0.1,-0.05051856694968093,-0.08014823820738896,0.1,1
0.1,0.4434918760902815,0.07366906029929517,0.1,1
0.1,0.3236752109953959,-0.1861452920925128,0.1,1
0.1,-0.509365065937119,0.01336050733543557,0.1,1
0.1,0.2884154187073082,-0.4244933053237896,0.1,1
0.1,0.3800958997991913,0.0725586857689922,0.1,1
0.1,-0.08181430087778778,0.29213853218291025,0.1,1
0.1,0.2422733147320275,-0.47656824953960325,0.1,1
0.1,-0.11501600718238117,0.02691722193763788,0.1,1
0.1,0.015642207306322573,0.5428651864349634,0.1,1
0.1,-0.06721037422224593,0.15469382068902135,0.1,1
0.1,-0.42921595375789406,0.5967359350110637,0.1,1
0.1,0.20823062648514376,-0.02163384862126194,0.1,1
0.1,0.39029376926415604,-0.3079824683075035,0.1,1
0.1,0.5015682531216389,-0.34180791545616274,0.1,1
0.1,0.39989705032268213,0.2994538127647637,0.1,1
0.1,-0.0026485840496084313,-0.5605934686771937,0.1,1
0.1,0.14351272903127152,-0.6012700593849986,0.1,1
0.1,-0.660783770593939,-0.23818231633697004,0.1,1
0.1,0.2548343596197828,0.3376504122900412,0.1,1
0.1,0.09452585001192787,-0.18959216787140495,0.1,1
0.1,-0.14476476883700698,-0.7312305169926826,0.1,1
0.1,0.49448049082109025,0.41323368640083913,0.1,1
0.1,-0.18480955031366894,0.3890006529681333,0.1,1
0.1,0.5171656231237378,-0.29741225960320605,0.1,1
0.1,0.6912580106301348,0.09295039777819412,0.1,1
0.1,0.6506513793765065,-0.11089431604492325,0.1,1
0.1,0.22042170753677198,-0.6840665244295715,0.1,1
0.1,0.12070865008456182,-0.6251345740361108,0.1,1
0.1,-0.33341141083977466,-0.5910503583393429,0.1,1
0.1,-0.3020069391480013,-0.34713834461518417,0.1,1
0.1,-0.5063519734929202,-0.39859456101977003,0.1,1
0.1,-0.2990678429080392,0.6159052699120828,0.1,1
0.1,-0.6601971575328404,-0.1224692610999204,0.1,1
0.1,0.11502383541352702,0.47750071898599133,0.1,1
0.1,0.21542675290932276,0.2472608102987932,0.1,1
0.1,0.25090290290921236,-0.5137350971714977,0.1,1
0.1,0.0832751586046242,0.4684742581096405,0.1,1
0.1,0.1442914638296365,0.4222155833119176,0.1,1
0.1,0.2816580338755056,-0.04802581859058627,0.1,1
0.1,0.47059190750551255,-0.2304255765152708,0.1,1
0.1,0.15713318897432343,0.6001036944831292,0.1,1
0.1,0.7013765097841104,0.24983633935059363,0.1,1
0.1,-0.07774215438931485,-0.7312790662819141,0.1,1
0.1,-0.11892815547410737,-0.6669834200121436,0.1,1
0.1,0.3829807116597629,-0.03230693530691519,0.1,1
0.1,-0.13725044417522747,-0.4381361158550751,0.1,1
0.1,0.7044398598246101,-0.12466933157646308,0.1,1
0.1,-0.5774608090872722,0.19774590157610228,0.1,1
0.1,0.2247774451545421,0.571467854512486,0.1,1
0.1,-0.21803165368192,-0.3596947660203374,0.1,1
0.1,0.0016888835661377838,-0.04873968109140285,0.1,1
0.1,-0.44470109177267036,-0.5863267353813012,0.1,1
0.1,0.3057572208183082,-0.6421089007626987,0.1,1
0.1,0.006337399919546868,-0.16941745510145104,0.1,1
0.1,0.0656975724431669,-0.3762535292260759,0.1,1
0.1,0.29486420551467557,0.45723208721518477,0.1,1
0.1,-0.27126786124354296,-0.4679799773618923,0.1,1
0.1,-0.03441225653169045,0.13169415402095766,0.1,1
0.1,0.12734669611633367,-0.09414771138068782,0.1,1
0.1,-0.4943967567203757,-0.2940390579913211,0.1,1
0.1,0.41243627705266983,0.4472401806193718,0.1,1
0.1,0.08677454430580371,0.6348213124276357,0.1,1
0.1,-0.06555648002420769,-0.6799936518187583,0.1,1
0.1,0.3009445419637189,0.009130849648494095,0.1,1
0.1,0.1607503402019265,-0.14633754060295312,0.1,1
0.1,0.13836516070362093,-0.1828160360937214,0.1,1
0.1,0.13924997214621496,-0.08916313448969164,0.1,1
0.1,0.12683374609712236,-0.6368074186463949,0.1,1
0.1,-0.3278762731961377,0.04589096962433507,0.1,1
0.1,0.3817052794150565,-0.4226842481209731,0.1,1
0.1,0.6590346716876719,0.32501968411312665,0.1,1
0.1,-0.38938379075326807,-0.5386333019624822,0.1,1
0.1,-0.4439237174523486,0.29487701555431134,0.1,1
0.1,-0.14928071276497412,-0.18374688400025982,0.1,1
0.1,0.1674003456607648,-0.5145349079963673,0.1,1
0.1,-0.2826001460673461,0.07748585891304774,0.1,1
0.1,-0.7342960041336496,-0.02784402861354473,0.1,1
0.1,-0.13989717802646565,-0.31238712881258773,0.1,1
0.1,-0.24096798917433127,0.3962346434638428,0.1,1
0.1,-0.10279031130034423,-0.007450812189792608,0.1,1
0.1,-0.004090707353829318,0.2547503544374637,0.1,1
0.1,0.08836207920085061,-0.4763356569741101,0.1,1
0.1,-0.1445177786210874,-0.23615089068086087,0.1,1
0.1,0.4514707295980083,0.2597234686016035,0.1,1
0.1,-0.454590092154237,0.3148650816121771,0.1,1
0.1,0.3297401360437261,-0.35174327143586637,0.1,1
0.1,0.07135433136367633,0.7160918771193467,0.1,1
0.1,0.18301439716447135,-0.6363175529016046,0.1,1
0.1,-0.19222719869420685,-0.23219084388699532,0.1,1
0.1,-0.20727325276165798,0.6068699431153755,0.1,1
0.1,0.11952351598186564,0.04102502600602301,0.1,1
0.1,-0.48347520365947,0.21247778309044485,0.1,1
0.1,0.01740045967662215,0.04754569325238307,0.1,1
0.1,-0.41122762733683565,0.20609770067443325,0.1,1
0.1,-0.16040297064372297,-0.7242394209742536,0.1,1
0.1,-0.2392679959511571,0.5285751851679819,0.1,1
0.1,0.39188263600075607,0.0977896450058871,0.1,1
0.1,0.03367141248436204,-0.49037371312484546,0.1,1
0.1,-0.4801873682241029,-0.43202554973022417,0.1,1
0.1,0.06787553660903758,-0.5547935022028966,0.1,1
0.1,0.21682876723582073,0.3742370615511628,0.1,1
0.1,0.1758592395652975,-0.3868786357476609,0.1,1
0.1,-0.5282459735954841,0.016842412765064516,0.1,1
0.1,-0.2588954463293595,-0.44089548987199034,0.1,1
0.1,0.06471542528419158,0.36343375348292584,0.1,1
0.1,0.11153445817558856,0.20089316285966127,0.1,1
0.1,0.5683757947224011,-0.284317100077388,0.1,1
0.1,-0.2655139465414303,0.014427163759727253,0.1,1
0.1,0.16719119513666467,-0.4684372553407601,0.1,1
0.1,-0.38549141115694163,-0.4467581359344998,0.1,1
0.1,0.6159346764382886,0.07023418195291754,0.1,1
0.1,0.5991241458210893,-0.32343089555678267,0.1,1
0.1,0.16033582787845121,-0.598249413778938,0.1,1
0.1,0.16912494919156962,0.29505455673696374,0.1,1
0.1,0.06890946539557534,-0.2337429191806868,0.1,1
0.1,0.3053740092027849,-0.5995996994547504,0.1,1
0.1,-0.15286149773250055,-0.11001991270200887,0.1,1
0.1,-0.47020459917264373,-0.4197621500969322,0.1,1
0.1,0.33375708251244784,0.46722907913713385,0.1,1
0.1,-0.7062192576325074,-0.17231440380472873,0.1,1
0.1,0.7320757711073312,-0.029840834324729074,0.1,1
0.1,0.31212821462159196,0.5159751049910617,0.1,1
0.1,-0.5186034553467463,0.008556574407811395,0.1,1
0.1,-0.4649444444748599,-0.2336194130521586,0.1,1
0.1,0.3768944782367453,-0.5897053259890284,0.1,1
0.1,0.7195413340126406,0.20248873901297992,0.1,1
0.1,0.09037087981854543,-0.157434116136101,0.1,1
0.1,0.023190925560299832,-0.43709276096120175,0.1,1
0.1,-0.4891730093973552,-0.13018475574453967,0.1,1
0.1,0.6141880970599362,0.14530238451290733,0.1,1
0.1,0.132009665183212,-0.02604986212683055,0.1,1
0.1,-0.01801347163460256,0.09764106625560998,0.1,1
0.1,0.551014834861128,0.1649278343475723,0.1,1
0.1,-0.10040178058347086,-0.5079145179400617,0.1,1
0.1,-0.5559092817232831,-0.3605160056438694,0.1,1
0.1,-0.5891310960334025,-0.03913097021351195,0.1,1
0.1,-0.5226922822356698,-0.004114885211568855,0.1,1
0.1,0.1133801495368874,0.5591542140110622,0.1,1
0.1,-0.09090464360319475,0.18798466362323557,0.1,1
0.1,-0.03793398673142674,0.7004210583521636,0.1,1
0.1,-0.7194805915374163,-0.0631328012909264,0.1,1
0.1,-0.6977491242953753,0.10256306243696274,0.1,1
0.1,-0.29390164251607886,0.4450676813584524,0.1,1
0.1,0.07890993869577326,-0.010614310274894342,0.1,1
0.1,0.025277726195491,-0.7378639247291858,0.1,1
0.1,0.1522306842314211,0.03668647676525626,0.1,1
0.1,0.32506143035443624,-0.6274788443350879,0.1,1
0.1,0.1819151195051772,0.030872149922911627,0.1,1
0.1,0.03486083611592545,0.4093972057182124,0.1,1
0.1,-0.43830980331069574,-0.03742676914102106,0.1,1
0.1,-0.4866891664397641,-0.5031752131916938,0.1,1
0.1,0.5365319016869764,0.29822987467188333,0.1,1
0.1,-0.5356152692681737,-0.24236561941558984,0.1,1
0.1,0.14601753708203705,-0.5022359549888077,0.1,1
0.1,0.49087351538894897,-0.5257882175967235,0.1,1
0.1,-0.20435498321554876,-0.4615388491591261,0.1,1
0.1,-0.6652405576296314,0.32089951860529786,0.1,1
0.1,-0.5222724037923052,-0.16335407965701854,0.1,1
0.1,0.5196375496296127,-0.4081246752762622,0.1,1
0.1,0.06491881016603765,-0.1677095253788746,0.1,1
0.1,-0.3347407998728099,0.21208564348660858,0.1,1
0.1,0.09420546611335048,0.39502175533190925,0.1,1
0.1,0.417485794223484,0.6157560161697665,0.1,1
0.1,0.37353619921732056,0.40487060988605944,0.1,1
0.1,0.5057092015484377,-0.00611700982177007,0.1,1
0.1,-0.4411467960008601,-0.5902234468723792,0.1,1
0.1,0.6773214448338245,0.2118165487810594,0.1,1
0.1,0.1396861451367033,-0.6533728154947567,0.1,1
0.1,-0.4053041943653813,-0.46749708717235566,0.1,1
0.1,-0.10240165915985923,-0.42319766702930206,0.1,1
0.1,0.649051889586712,0.13216564219803795,0.1,1
0.1,0.24497899441938628,-0.2840523103515787,0.1,1
0.1,-0.5686256359875113,0.11439058383375088,0.1,1
0.1,-0.45364469883491887,0.2804311211476073,0.1,1
0.1,0.21952065091406014,0.5142688772281361,0.1,1
0.1,0.20303097794947214,-0.16670748651957665,0.1,1
0.1,-0.022668471483650178,0.6552759043099017,0.1,1
0.1,0.04561528015843933,-0.24406527512772727,0.1,1
0.1,0.34514468075071364,-0.09055119375421354,0.1,1
0.1,-0.6119713867178608,-0.13297642954242744,0.1,1
0.1,-0.30005344437817344,0.23326737837896688,0.1,1
0.1,-0.2161976869310697,0.10737505700847247,0.1,1
0.1,-0.306386452483978,-0.43244821867455246,0.1,1
0.1,0.1511049354289291,0.15514309853634345,0.1,1
0.1,0.27907625864859903,0.45600192688048113,0.1,1
0.1,0.004751018427476269,-0.5008979142672236,0.1,1
0.1,-0.007652535160342905,0.6107005961037765,0.1,1
0.1,-0.7436217290031336,0.002614710887730406,0.1,1
0.1,-0.08792453536970206,0.6813369865764177,0.1,1
0.1,0.13789905123594864,-0.5453988954962078,0.1,1
0.1,-0.4527522403344968,-0.19046650382593766,0.1,1
0.1,0.004051619735072271,0.16774562090160663,0.1,1
0.1,0.537617201974085,-0.07608268454384617,0.1,1
0.1,-0.7288280247249421,-0.055068479978104296,0.1,1
0.1,0.19892177562782154,-0.6326250021553051,0.1,1
0.1,0.47325078093918316,-0.4071261765054218,0.1,1
0.1,-0.2813579125848142,-0.032764939311750084,0.1,1
0.1,-0.19375756054325088,0.6805176233654718,0.1,1
0.1,-0.4191519650882472,0.13490007841118967,0.1,1
0.1,0.3946817574427605,-0.4244988148888094,0.1,1
0.1,0.5524058651191102,0.39327898257097377,0.1,1
0.1,0.4418473737424752,-0.2424965666789384,0.1,1
0.1,-0.518431869526657,0.20745859393883062,0.1,1
0.1,0.39475187620711166,0.09741940739831913,0.1,1
0.1,-0.28332137463191953,0.6727448661964043,0.1,1
0.1,-0.36318770071963047,-0.2058266582048582,0.1,1
0.1,-0.36050694552640444,0.2638504731958149,0.1,1
0.1,0.31449386724784956,-0.4137178079452357,0.1,1
0.1,0.23051329830491143,0.620722278710881,0.1,1
0.1,0.7004783640988687,0.21662954506389281,0.1,1
0.1,0.26246755099733005,0.12119807076100904,0.1,1
0.1,0.40262553073997226,-0.43257486509021537,0.1,1
0.1,-0.2826946190523728,-0.47282395637404717,0.1,1
0.1,-0.16413308129467802,-0.2569093155938997,0.1,1
0.1,0.5423325903963594,0.041880495629407294,0.1,1
0.1,-0.3078328201187473,-0.14816695621387976,0.1,1
0.1,-0.2819763359416277,-0.5941552847662996,0.1,1
0.1,-0.06415586308619503,0.4510991660814319,0.1,1
0.1,0.19322537380185467,-0.5973736896414487,0.1,1
0.1,0.2314049888857377,-0.43234914204462976,0.1,1
0.1,-0.14308583200569205,-0.7086137425571256,0.1,1
0.1,-0.37130065316401095,0.5311992654321523,0.1,1
0.1,-0.3904725004861151,0.1599775612218437,0.1,1
0.1,-0.16850704432538557,0.10788746861328333,0.1,1
0.1,0.16030636080162783,-0.38677116024644914,0.1,1
0.1,-0.2424233673046015,0.6965653250194053,0.1,1
0.1,-0.6985720789876406,0.054168573312730575,0.1,1
0.1,0.25086966874171457,-0.575627089930758,0.1,1
0.1,-0.504282144009532,-0.07523289327627798,0.1,1
0.1,0.5158110181928981,-0.4307815557807145,0.1,1
0.1,-0.07817584331106142,0.4004871965998962,0.1,1
0.1,0.346092272055946,-0.09846945909997395,0.1,1
0.1,0.13461915757351775,-0.7187800802218846,0.1,1
0.1,-0.04145579860398425,0.07781285505541423,0.1,1
0.1,-0.5832678895886888,-0.03226921384520674,0.1,1
0.1,-0.5592198166790021,0.28236887885534007,0.1,1
0.1,-0.41680865927585914,0.2652611671632008,0.1,1
0.1,0.3946787828979303,-0.40384977716985976,0.1,1
0.1,-0.5455940035407586,0.42966301184978234,0.1,1
0.1,-0.17798916246645696,-0.24653664777974263,0.1,1
0.1,0.316806133950799,0.13052565907294347,0.1,1
0.1,0.10693674213267859,-0.3857222763798047,0.1,1
0.1,0.32441370471826053,0.3185481260897361,0.1,1
0.1,0.12229861138942923,0.3133843588184604,0.1,1
0.1,0.2032180464621502,-0.039868694564833954,0.1,1
0.1,-0.1601559938069569,-0.5679628918292878,0.1,1
0.1,0.25232896834683555,-0.21931478273029037,0.1,1
0.1,-0.3413811558207761,-0.07236412452774227,0.1,1
0.1,-0.23797006341446866,-0.5111690886540035,0.1,1
0.1,-0.12754325246999904,-0.10321229404134256,0.1,1
0.1,-0.02006896755827383,-0.0777714640644465,0.1,1
0.1,0.6043917225392608,0.042993762113503024,0.1,1
0.1,-0.6399541634285489,-0.1803640103374751,0.1,1
0.1,0.038048096343589126,-0.1818223339456962,0.1,1
0.1,-0.06631383339912067,0.30468328342245926,0.1,1
0.1,-0.39525730822576005,-0.23046760960400442,0.1,1
0.1,0.00038036055576571995,0.3846498386450136,0.1,1
0.1,0.23041546079624212,-0.6565520209676087,0.1,1
0.1,-0.3013745879261781,-0.5725140024194427,0.1,1
0.1,-0.6146493024146301,0.10815402835700613,0.1,1
0.1,-0.047521708459331236,-0.30255459924868616,0.1,1
0.1,-0.30294750990989433,-0.048572004100803735,0.1,1
0.1,0.1358139178936903,-0.6463983038906711,0.1,1
0.1,0.0013351292293127194,0.2716017274241266,0.1,1
0.1,0.040043907109562044,-0.04170154328051985,0.1,1
0.1,0.11632470218332906,0.37443189350688755,0.1,1
0.1,-0.40091341277165593,0.4989364746632324,0.1,1
0.1,0.21117260927020068,0.2166104163048383,0.1,1
0.1,-0.3970850441545209,-0.055291063048210395,0.1,1
0.1,-0.3837965817365854,0.011370519554406636,0.1,1
0.1,0.35750420554797285,-0.4929384102748441,0.1,1
0.1,-0.11651925279995001,0.5960748153362693,0.1,1
0.1,-0.6862038522697135,-0.2031163634316774,0.1,1
0.1,-0.21968763427443824,0.009899204855454556,0.1,1
0.1,-0.575616534247946,-0.08953338178715986,0.1,1
0.1,0.03454919790491609,0.6102022022482864,0.1,1
0.1,0.16939917812026054,0.018137339394278425,0.1,1
0.1,0.07847468060957703,0.3751822611755418,0.1,1
0.1,-0.4221593892661321,0.18079570397900274,0.1,1
0.1,-0.048942550488045466,0.6416072137653798,0.1,1
0.1,-0.41119434804217264,0.5503107551044085,0.1,1
0.1,-0.4768466283720225,-0.16504274155775234,0.1,1
0.1,-0.503568694532068,0.21857779519568826,0.1,1
0.1,0.06337614440587587,0.031761297323750846,0.1,1
0.1,0.5288858247672885,0.4463677741772582,0.1,1
0.1,0.27133679448578657,-0.17625090977639027,0.1,1
0.1,-0.08873126343199411,0.7111548054320282,0.1,1
0.1,-0.0985900878944527,-0.00471735733717523,0.1,1
0.1,-0.6161572185556337,-0.41973517163066176,0.1,1
0.1,0.39163384798970924,-0.4206445832036948,0.1,1
0.1,0.27530123022085295,0.6435290890174324,0.1,1
0.1,-0.5843166858263565,-0.07185427071452169,0.1,1
0.1,-0.3040139263377809,0.3868647157602202,0.1,1
0.1,0.0373706883552501,-0.32792499758194427,0.1,1
0.1,0.5157325875881412,-0.1402903935669183,0.1,1
0.1,-0.3261356837538937,-0.2875377272839848,0.1,1
0.1,0.57670671300806,0.20611923794726858,0.1,1
0.1,0.35474919578209063,-0.2535095724790096,0.1,1
0.1,0.440839366299478,-0.44273675901928883,0.1,1
0.1,-0.13272219226727272,-0.7093787489837771,0.1,1
0.1,0.5425588881847949,-0.1787144230854205,0.1,1
0.1,0.3055705946367166,0.10591535082542282,0.1,1
0.1,-0.29741329342074085,-0.005771551440504289,0.1,1
0.1,-0.1914080740005741,-0.19035998749367572,0.1,1
0.1,-0.6716353377252834,0.3110143198994788,0.1,1
0.1,-0.6300735181572085,0.17684790199754405,0.1,1
0.1,-0.32269795819879715,-0.364873219032549,0.1,1
0.1,0.41073803721560076,-0.3619123963498237,0.1,1
0.1,-0.5446742937107076,0.5042928960481465,0.1,1
0.1,0.23282369204977865,-0.6709528151972622,0.1,1
0.1,0.6396828505075636,0.1995220473274376,0.1,1
0.1,-0.014085426005289723,-0.30807888745352524,0.1,1
0.1,-0.3644091522743987,-0.5603379338799226,0.1,1
0.1,-0.05741268833444763,0.2906976942017928,0.1,1
0.1,-0.0015478531702541457,-0.46579292663968463,0.1,1
0.1,-0.00590648763547518,0.2871164820240086,0.1,1
0.1,0.0468598431849041,0.055133213428245946,0.1,1
0.1,0.00107108021227976,0.6975972820806726,0.1,1
0.1,-0.5072021189873106,0.3449962767877194,0.1,1
0.1,-0.6499615747325953,-0.34812131392333245,0.1,1
0.1,-0.525003083118782,-0.369450373257458,0.1,1
0.1,0.15268967577277676,0.14315401858890062,0.1,1
0.1,-0.38102582243202154,0.24647895890707427,0.1,1
0.1,-0.2630436815159594,-0.6466376982472064,0.1,1
0.1,-0.24523161215915568,0.6863036959846132,0.1,1
0.1,0.07177457854848766,0.387593224327469,0.1,1
0.1,0.5585292437028264,0.06690603769576955,0.1,1
0.1,0.03329220525103465,-0.1581396879863801,0.1,1
0.1,-0.16450121603412343,0.6106653589141683,0.1,1
0.1,0.29543959509438955,-0.6240682142701932,0.1,1
0.1,0.5346799020517237,-0.35725912042331426,0.1,1
0.1,0.35388983291962495,0.6301533209454284,0.1,1
0.1,-0.032762749567158425,-0.39882136435107485,0.1,1
0.1,-0.0742253944939239,-0.7232625325555201,0.1,1
0.1,-0.1359010805435234,0.5690576598107917,0.1,1
0.1,-0.176307324053473,0.009985906360158885,0.1,1
0.1,-0.25562034635170494,-0.21034533915420583,0.1,1
0.1,-0.26934848094590086,0.16773046377148515,0.1,1
0.1,0.23064221557023054,-0.4258830137798035,0.1,1
0.1,-0.33350407984657593,-0.5569942913880704,0.1,1
0.1,0.20983113725890754,-0.18734155411326664,0.1,1
0.1,-0.6818402482814658,0.30588377325247673,0.1,1
0.1,-0.4572072415570076,0.04089688514223213,0.1,1
0.1,-0.5555903650958427,-0.06179641949864444,0.1,1
0.1,-0.10858284977422267,-0.540689769038162,0.1,1
0.1,-0.14605426862860874,0.4047303944659073,0.1,1
0.1,-0.43739430883692737,-0.1697336884287433,0.1,1
0.1,-0.0438475969662834,0.7226807306155186,0.1,1
0.1,0.2615565749669013,-0.6435462796351812,0.1,1
0.1,0.15773327630009168,0.3793903110834007,0.1,1
0.1,0.2890531347317982,-0.2679094795587522,0.1,1
0.1,-0.44540169227305254,-0.3098824760569679,0.1,1
0.1,0.4118736664892949,-0.20061489528569698,0.1,1
0.1,-0.4936830558479971,0.36862655908337216,0.1,1
0.1,-0.639627397591052,-0.16742746425615465,0.1,1
0.1,0.3742104344267962,0.047011350607225166,0.1,1
0.1,0.5100032570259917,0.03318741506419623,0.1,1
0.1,-0.2196391776843629,-0.014746321543404689,0.1,1
0.1,0.3972490237151537,0.4761665252824482,0.1,1
0.1,0.29441339525065385,-0.4069534653196797,0.1,1
0.1,-0.5404980717592822,-0.19911199697755128,0.1,1
0.1,-0.6258624578718787,-0.13507835834845974,0.1,1
0.1,0.15078607198228838,-0.4640793960913142,0.1,1
0.1,-0.3114821190435925,-0.4396810336131003,0.1,1
0.1,0.2344930059171107,0.6946712926704376,0.1,1
0.1,0.22770777413271373,-0.010132834323940588,0.1,1
0.1,-0.15771974510584888,0.3811903118558355,0.1,1
0.1,0.439365487087133,0.005124938428867463,0.1,1
0.1,0.6433688644576785,0.29434008467298317,0.1,1
0.1,-0.7319773606217419,0.0007529593249414302,0.1,1
0.1,0.5189319295169932,-0.04030076732855111,0.1,1
0.1,-0.5708299339467507,0.33228657565397235,0.1,1
0.1,-0.5569462643189185,0.4882492980802808,0.1,1
0.1,0.22249564348728837,0.1432879143509488,0.1,1
0.1,-0.6367078387648739,-0.37852173354257823,0.1,1
0.1,-0.2701952011218453,0.5882550085219916,0.1,1
0.1,-0.5271864033494817,-0.1915680685306514,0.1,1
0.1,-0.1655714767227795,-0.29225742728393356,0.1,1
0.1,0.18978196706435585,-0.0848678745672238,0.1,1
0.1,0.29262672974920634,0.6262826535774783,0.1,1
0.1,-0.4636125242283158,0.30253174954904316,0.1,1
0.1,-0.44116294281670765,-0.4145445831650298,0.1,1
0.1,0.5073324615814708,0.4850258141462904,0.1,1
0.1,0.2966574035091438,0.18770798924871865,0.1,1
0.1,-0.3654873274873713,0.004845811992191234,0.1,1
0.1,0.4000189653925719,0.38259187971591657,0.1,1
0.1,-0.5414544828415214,-0.17613615246877282,0.1,1
0.1,0.07263060092199347,0.7306735772908299,0.1,1
0.1,0.25121961252929326,0.3539350389432804,0.1,1
0.1,0.059194245164112515,-0.4315485678965331,0.1,1
0.1,0.04733805185254762,0.5657549749719797,0.1,1
0.1,-0.13760012245788447,0.6864326823754363,0.1,1
0.1,0.5843069861978311,0.14968825954078016,0.1,1
0.1,-0.0622763370470595,0.21804766752527166,0.1,1
0.1,0.0032871429139667953,-0.5760692401840662,0.1,1
0.1,-0.40796691479104713,0.019703588190092502,0.1,1
0.1,0.007662875645788858,0.3703571194946189,0.1,1
0.1,-0.10282850222496111,0.6205666097423915,0.1,1
0.1,0.3729961897068638,0.5553666430213037,0.1,1
0.1,-0.06831797552553456,-0.046052934781536395,0.1,1
0.1,-0.3457238012449386,-0.42356511225805266,0.1,1
0.1,0.39553534267774193,0.5762003845012736,0.1,1
0.1,0.4961511091219505,-0.3273223835478585,0.1,1
0.1,0.27832922514226766,0.6218097829847369,0.1,1
0.1,0.47930715907154126,0.5510450545984265,0.1,1
0.1,-0.6260690622629652,-0.3786236594853783,0.1,1
0.1,-0.2193539969304896,0.23339270221815206,0.1,1
0.1,0.2564369683560489,0.2809687164081304,0.1,1
0.1,0.31108123859855813,-0.46349218860422503,0.1,1
0.1,-0.5361771310945096,0.07639443355830824,0.1,1
0.1,-0.3419724802521319,-0.5804127746229576,0.1,1
0.1,0.1697374338585997,0.5203905196020334,0.1,1
0.1,0.4507910440559089,0.18586221259879712,0.1,1
0.1,0.6626016605567906,0.04213967404561206,0.1,1
0.1,-0.16074273722824603,0.18970973728673168,0.1,1
0.1,-0.008827937225055482,-0.10405941603811533,0.1,1
0.1,0.5238636648964894,-0.35377711797670136,0.1,1
0.1,-0.23475977553462285,0.2632190195909862,0.1,1
0.1,-0.30488253263436044,0.3980521484763773,0.1,1
0.1,0.5616726501794216,0.24143079941240037,0.1,1
0.1,-0.45484776327697507,-0.15478357268743423,0.1,1
0.1,0.3943098005827626,0.3792621864513315,0.1,1
0.1,0.5512182841426435,-0.5079316633566492,0.1,1
0.1,-0.4562330355354374,0.04896642172695779,0.1,1
0.1,-0.1571626913967982,0.6235515992723204,0.1,1
0.1,-0.19718955336898827,0.11142941006589024,0.1,1
0.1,0.40187580229495207,-0.5162495612279023,0.1,1
0.1,0.17816509276401954,0.4185238966362139,0.1,1
0.1,-0.44954789634433184,-0.22432948922837168,0.1,1
0.1,0.5945793815576009,0.38421816759499133,0.1,1
0.1,-0.32021732170071404,0.3070769175544178,0.1,1
0.1,-0.0448707191031915,-0.0650138980449836,0.1,1
0.1,-0.23462688688480549,0.03544679644088608,0.1,1
0.1,-0.06911318148354804,0.022094543017912985,0.1,1
0.1,-0.028154383778677586,0.5510595425999812,0.1,1
0.1,0.0932812889864575,0.7271800345241881,0.1,1
0.1,0.4011377417199535,-0.6190987209042589,0.1,1
0.1,-0.04022979887193033,0.29267229675235423,0.1,1
0.1,-0.07862046490605366,0.2856907711650584,0.1,1
0.1,-0.17159225244199242,0.6916662666108524,0.1,1
0.1,0.12254097976526218,-0.21767950022903407,0.1,1
0.1,-0.12546220153449492,0.1949797455438225,0.1,1
0.1,-0.09028921922257159,0.3500020723536614,0.1,1
0.1,0.37119433125452095,0.2791860851937112,0.1,1
0.1,-0.11718593971946556,-0.05676968019589295,0.1,1
0.1,0.6330181875663357,-0.2370367164057205,0.1,1
0.1,-0.6348902551217631,-0.21770161337178107,0.1,1
0.1,0.2970296427827435,-0.6859968159192362,0.1,1
0.1,-0.4361509028658814,0.15104447302252103,0.1,1
0.1,-0.14922096489507183,0.5588823393562802,0.1,1
0.1,0.33985291738119816,0.07355013310668641,0.1,1
0.1,0.1618005755481617,0.22865654819564343,0.1,1
0.1,-0.3128822624002886,-0.08760624186645963,0.1,1
0.1,-0.28462104640558383,0.4031938630776086,0.1,1
0.1,0.21785428943804136,0.2720937589193169,0.1,1
0.1,-0.283888308843677,-0.1581616297390669,0.1,1
0.1,-0.06593858199492635,-0.09555780153149497,0.1,1
0.1,0.2683706016987418,-0.29164890290703605,0.1,1
0.1,0.020525642704721573,0.1364306786081857,0.1,1
0.1,0.14152385947246152,0.18377836445626275,0.1,1
0.1,-0.6682090631748231,0.14243158536396616,0.1,1
0.1,0.30256614769872736,-0.4915081119524675,0.1,1
0.1,-0.3220396293243275,0.16588801011490498,0.1,1
0.1,0.3102079647304748,0.18494778638070622,0.1,1
0.1,0.35360797146520345,0.3804791037564864,0.1,1
0.1,-0.24371733491479547,0.5305581839771115,0.1,1
0.1,-0.1983496195390536,-0.33581938110881976,0.1,1
0.1,0.03046440700708013,0.6477696769091627,0.1,1
0.1,0.22616855584936227,-0.5519708472080584,0.1,1
0.1,-0.561822367144171,-0.19820286240047935,0.1,1
0.1,-0.18471161742886288,-0.24189135874827924,0.1,1
0.1,-0.29360347016366306,0.32664430577852593,0.1,1
0.1,-0.22133401120538346,0.4430540974615071,0.1,1
0.1,0.15995213026950883,-0.6162324118685999,0.1,1
0.1,-0.2918924032570661,-0.304385175593406,0.1,1
0.1,0.13187832592720733,0.41084441534917543,0.1,1
0.1,-0.10680976678758047,0.5261064706019718,0.1,1
0.1,-0.32604088601511266,-0.14186310841790822,0.1,1
0.1,-0.14818735994314444,-0.6475488279945837,0.1,1
0.1,0.20071386075192457,0.44903242018929096,0.1,1
0.1,0.3407418510913742,-0.06158797880648904,0.1,1
0.1,-0.04275825707789255,0.02967214326212709,0.1,1
0.1,0.35054420691084515,0.20891313665754807,0.1,1
0.1,0.5685127487339723,-0.21182962551493428,0.1,1
0.1,-0.6994582153689783,-0.23088214227466966,0.1,1
0.1,0.32210661549082703,-0.02928278803060476,0.1,1
0.1,0.4132280097062035,0.3075467231712671,0.1,1
0.1,0.03795217083887706,-0.5552908951651788,0.1,1
0.1,0.23832496629151403,-0.0629636171059452,0.1,1
0.1,-0.5311805798691553,-0.5115416289282706,0.1,1
0.1,-0.671363812559752,0.03598354319176678,0.1,1
0.1,0.6870087005965166,-0.17526307913467765,0.1,1
0.1,-0.04997681126994627,-0.040649922784894765,0.1,1
0.1,-0.1944171747418491,-0.5687037569358127,0.1,1
0.1,-0.04097312708551649,-0.7216285257468724,0.1,1
0.1,0.4710909413446993,-0.22292168095477838,0.1,1
