x,y,z,vx,vy,vz,h,u
-0.5458530247991922,-0.3584279546177323,0.060609758970739995,0,0,0,0.014507927586148228,0
-0.019900051668123066,-0.08917231123212836,0.1285581623611517,0,0,0,0.014507927586148228,0
-0.028213837369826005,0.08188929079704232,-0.688266409362999,0,0,0,0.014507927586148228,0
-0.30055764659928547,0.026892258615272346,-0.47209382910903713,0,0,0,0.014507927586148228,0
0.03816409903230968,-0.5577024537129879,-0.009428198630469604,0,0,0,0.014507927586148228,0
0.0022861477144328073,0.001890633557124555,0.13356025690920262,0,0,0,0.014507927586148228,0
0.0880042544759212,-0.14431920906624332,0.7016334511505726,0,0,0,0.014507927586148228,0
0.18029363739508858,-0.4213356199834691,0.5528754551111028,0,0,0,0.014507927586148228,0
-0.3814491674144757,0.5241516056610568,0.028946636015617998,0,0,0,0.014507927586148228,0
0.005523285359650776,-0.011267135358921413,0.4325368846908307,0,0,0,0.014507927586148228,0
-0.38003034565877414,0.2423479203110612,0.18851818284376565,0,0,0,0.014507927586148228,0
0.37416039278418417,0.15667984011068437,0.43527437466528807,0,0,0,0.014507927586148228,0
0.19952876281577217,-0.16984199902136574,0.33150372952617946,0,0,0,0.014507927586148228,0
-0.349509529096817,-0.08307902541604696,-0.5420301872000327,0,0,0,0.014507927586148228,0
0.004139763627336784,0.07549715265350916,-0.11191912164752464,0,0,0,0.014507927586148228,0
-0.0425645925973397,0.37031018220045,0.17938082579027315,0,0,0,0.014507927586148228,0
-0.4554215062684134,0.4985220053270305,-0.1953664090798465,0,0,0,0.014507927586148228,0
0.17028027120231695,-0.34560763267722705,0.1631485248588756,0,0,0,0.014507927586148228,0
0.0878865647492788,-0.09035892406243363,-0.5999542921529297,0,0,0,0.014507927586148228,0
0.05023577157537152,0.03956355766017851,-0.6082043252877124,0,0,0,0.014507927586148228,0
0.30251325117057576,0.1526833798576634,-0.5833078242334265,0,0,0,0.014507927586148228,0
-0.12224921160000365,-0.11177441129997448,0.1663139138773839,0,0,0,0.014507927586148228,0
-0.41626497615277674,0.4176261218165981,0.18125245942075344,0,0,0,0.014507927586148228,0
0.3804995018568365,-0.14353703527755088,-0.6039985788163857,0,0,0,0.014507927586148228,0
0.29458555368849526,0.3371538036096498,0.25184336062267887,0,0,0,0.014507927586148228,0
0.2040798014581418,0.008572361690296284,-0.6288593638955307,0,0,0,0.014507927586148228,0
0.144482180009846,-0.5120459330411834,-0.3722194812064848,0,0,0,0.014507927586148228,0
-0.34015167836654475,0.0706452346289515,0.22464916968705123,0,0,0,0.014507927586148228,0
-0.048412157053756844,0.13603843032680338,0.4832971200131273,0,0,0,0.014507927586148228,0
-0.16974529498460392,-0.21731091237150504,-0.42957665820848295,0,0,0,0.014507927586148228,0
-0.03147670472578855,-0.4124013132067136,-0.36887277940097574,0,0,0,0.014507927586148228,0
-0.44809734396942313,-0.260372033042577,-0.5314199847251984,0,0,0,0.014507927586148228,0
-0.0697538932655605,-0.37597738420617927,0.37991838880369466,0,0,0,0.014507927586148228,0
-0.41516152656737665,0.044997779006991236,-0.385010034854654,0,0,0,0.014507927586148228,0
-0.02881863916740877,-0.004080079618600479,0.6936523656250629,0,0,0,0.014507927586148228,0
-0.211781552710989,-0.1344134131276558,0.3764751179388612,0,0,0,0.014507927586148228,0
-0.6050016175116641,-0.008376481484297784,0.1399976646117408,0,0,0,0.014507927586148228,0
-0.28358350975213364,-0.42676651353337614,0.06332644202408473,0,0,0,0.014507927586148228,0
0.3130057862820327,0.2900782029041472,0.5791140532501482,0,0,0,0.014507927586148228,0
0.5382796327200048,0.07337726392508774,-0.4902446173125984,0,0,0,0.014507927586148228,0
-0.2963382560446557,0.43132069380294846,0.3383912049281396,0,0,0,0.014507927586148228,0
-0.06509398451303758,0.67387708433842,0.2816960653847146,0,0,0,0.014507927586148228,0
0.26723101478554656,-0.317557576165085,-0.3308083550991577,0,0,0,0.014507927586148228,0
0.46234824297856136,-0.3021773169563743,-0.4281177356682602,0,0,0,0.014507927586148228,0
-0.18176557932647056,0.10922643796040113,-0.25555296023292284,0,0,0,0.014507927586148228,0
0.098836873261075,-0.2442475607762063,0.4615193937507126,0,0,0,0.014507927586148228,0
-0.5559333491628687,0.20550280101602517,0.27998938565510284,0,0,0,0.014507927586148228,0
-0.024045141908090546,-0.23860803761872254,0.07668297200500662,0,0,0,0.014507927586148228,0
0.1652806380061825,0.5931190171639756,-0.15083787773453364,0,0,0,0.014507927586148228,0
0.3658116949180779,0.5794290029811296,0.22363545254814848,0,0,0,0.014507927586148228,0
0.054021713041984866,-0.011722183641476078,0.3269036732426456,0,0,0,0.014507927586148228,0
0.30455250403326106,0.11283335095426905,0.5963127351658916,0,0,0,0.014507927586148228,0
0.011719067098208007,0.4813386659067767,-0.5548351124565913,0,0,0,0.014507927586148228,0
-0.19307634389149492,-0.24251705139565174,0.6269412271621181,0,0,0,0.014507927586148228,0
0.5391841921154724,-0.43692482262114296,0.2304094701739935,0,0,0,0.014507927586148228,0
0.1455053259766626,0.05580608368834591,0.34837886204757323,0,0,0,0.014507927586148228,0
-0.10882726867889085,0.037095428275823426,-0.5553073611263636,0,0,0,0.014507927586148228,0
-0.051103604773215065,0.03831328897369107,0.5614558001469009,0,0,0,0.014507927586148228,0
-0.22091660069954372,-0.2985516961822363,-0.2457899356052092,0,0,0,0.014507927586148228,0
0.5839697694386029,-0.10925825236878103,-0.08626638317692112,0,0,0,0.014507927586148228,0
-0.38466827262533715,0.1613911737547297,-0.27060951178950515,0,0,0,0.014507927586148228,0
-0.09505484307090831,-0.028626685739430658,0.6998100121653595,0,0,0,0.014507927586148228,0
-0.14795316332805783,-0.33007132859976746,-0.47123988811450657,0,0,0,0.014507927586148228,0
0.22514800149193204,0.46805639161633356,-0.3183269045327026,0,0,0,0.014507927586148228,0
-0.03190920509861987,-0.007951099990595296,0.6719698003905336,0,0,0,0.014507927586148228,0
-0.07944526535092199,0.06853491436473881,0.44824244296806137,0,0,0,0.014507927586148228,0
-0.12008221533836799,-0.29925534668734977,0.4651276014674955,0,0,0,0.014507927586148228,0
0.10040136978364293,0.11445546700452579,-0.017163879956908525,0,0,0,0.014507927586148228,0
-0.0286460442483345,0.18624966208429097,-0.5754016373931504,0,0,0,0.014507927586148228,0
0.509721276878606,-0.28084286619733295,0.32950213372761106,0,0,0,0.014507927586148228,0
-0.36213652266553753,0.0857852403894646,-0.19769782622243756,0,0,0,0.014507927586148228,0
0.005500054730636051,0.1587513715109977,-0.5111958302977383,0,0,0,0.014507927586148228,0
-0.17794481493612313,0.00017192735746636922,-0.6612494903914478,0,0,0,0.014507927586148228,0
0.01649158559070277,-0.43250928768405056,-0.3021709097153596,0,0,0,0.014507927586148228,0
0.18882453640479493,-0.5206259851953117,0.38174033703732524,0,0,0,0.014507927586148228,0
0.2742425136261716,-0.30318740591416565,0.6129500914107446,0,0,0,0.014507927586148228,0
-0.09500264119617233,-0.03580369578950825,-0.7251443710915654,0,0,0,0.014507927586148228,0
-0.219909822398234,-0.1509362110266566,-0.5468579612263622,0,0,0,0.014507927586148228,0
0.19228151433678686,-0.04040626436987788,-0.7126081579578771,0,0,0,0.014507927586148228,0
-0.02084653001891025,0.1826778241074462,0.6926431809933127,0,0,0,0.014507927586148228,0
0.05568426887319405,-0.289755460292836,0.5738078976766516,0,0,0,0.014507927586148228,0
-0.08390016690027738,0.07652117830535929,0.6566068942009343,0,0,0,0.014507927586148228,0
0.06467248862977804,-0.03468682178998593,-0.37764198131108995,0,0,0,0.014507927586148228,0
-0.03767414002675383,-0.19031239346479828,0.72144558043886,0,0,0,0.014507927586148228,0
-0.31342383934545187,0.04188584722862707,-0.10075968088990216,0,0,0,0.014507927586148228,0
0.28908670071625386,-0.45065308144981514,0.11085765415271584,0,0,0,0.014507927586148228,0
0.15461159153313794,-0.0030506704784372717,0.5141991846690058,0,0,0,0.014507927586148228,0
-0.18647824062789062,-0.3551701647273186,-0.524476716042074,0,0,0,0.014507927586148228,0
-0.30027567826171536,0.1173987625702079,0.2976679151108515,0,0,0,0.014507927586148228,0
0.4993387955903069,0.35467081665902395,-0.17033788477479034,0,0,0,0.014507927586148228,0
-0.43584533565869227,-0.48108702361614175,0.2699665029191329,0,0,0,0.014507927586148228,0
-0.3228082273839717,-0.42264459366706364,-0.43367466177706726,0,0,0,0.014507927586148228,0
0.014725393594418821,0.04950414644323981,-0.27844676131260704,0,0,0,0.014507927586148228,0
-0.5787260685235749,0.29981006045983755,0.18516932927712698,0,0,0,0.014507927586148228,0
0.020985858950827427,0.05506147294027044,0.40096478362544796,0,0,0,0.014507927586148228,0
-0.3317291014334345,0.15068911318323183,-0.30898843759088124,0,0,0,0.014507927586148228,0
0.08693544435223276,0.026094116986261424,-0.5898386459059061,0,0,0,0.014507927586148228,0
-0.11480064533766851,0.007450055202115012,-0.4803287042066621,0,0,0,0.014507927586148228,0
0.027021968951429824,0.047089611625399194,0.046457113736574795,0,0,0,0.014507927586148228,0
-0.0005858514548961038,0.006631288748017404,-0.5465372849678863,0,0,0,0.014507927586148228,0
-0.10483862899841331,-0.30071338256880614,0.20935591455138744,0,0,0,0.014507927586148228,0
-0.41909391961502973,0.29634740675278864,-0.23320981348038208,0,0,0,0.014507927586148228,0
0.03425817456559549,0.6482798775364292,0.02054351003909886,0,0,0,0.014507927586148228,0
0.11649342767656069,-0.5259978895636204,0.4986881532861906,0,0,0,0.014507927586148228,0
-0.3023973996370677,-0.03305611834506078,0.6374188028471992,0,0,0,0.014507927586148228,0
-0.008172852576913957,-0.06705845991979335,-0.4414110853295202,0,0,0,0.014507927586148228,0
-0.0003338647616752317,-0.641913922816722,0.3772355395305743,0,0,0,0.014507927586148228,0
-0.33098244296922696,-0.26082090428926963,-0.10051848289634994,0,0,0,0.014507927586148228,0
-0.009640759155892041,-0.38939431599901353,0.024551290568765986,0,0,0,0.014507927586148228,0
-0.0571344136810444,-0.19378057395943687,-0.5245786514308503,0,0,0,0.014507927586148228,0
-0.2707533461597195,-0.13232549783041173,0.2969497771045154,0,0,0,0.014507927586148228,0
-0.10693420083512654,-0.26169534258713634,0.3010137291788084,0,0,0,0.014507927586148228,0
0.005733092919224272,-0.07004461256723125,-0.5601131604761415,0,0,0,0.014507927586148228,0
0.284486931180594,0.36679586855157453,-0.5859278629165032,0,0,0,0.014507927586148228,0
-0.172464856270596,0.12217815753827951,0.46357324239412034,0,0,0,0.014507927586148228,0
0.4421229737471102,-0.23448852616536903,0.18550531962776567,0,0,0,0.014507927586148228,0
0.6181157616808683,0.03737830891418692,-0.10573176029425871,0,0,0,0.014507927586148228,0
-0.5364954056225212,-0.17118223072489255,-0.3705985520210103,0,0,0,0.014507927586148228,0
0.05907365436349862,0.2528354800432126,0.5353708275008572,0,0,0,0.014507927586148228,0
-0.20915848496135062,-0.5391030276149127,0.10023544630461909,0,0,0,0.014507927586148228,0
0.47404331392696325,-0.39438854721742306,0.3217119800352208,0,0,0,0.014507927586148228,0
0.09588418708101747,0.5275132900378181,-0.37103945521299264,0,0,0,0.014507927586148228,0
-0.2712144951712493,-0.2805149123330884,-0.14192865485351253,0,0,0,0.014507927586148228,0
0.0233357716229519,0.13981134597235256,0.3800375581464097,0,0,0,0.014507927586148228,0
-0.25073790190277295,0.06859361958221491,-0.1664042554348299,0,0,0,0.014507927586148228,0
0.05069441079221194,0.06917207372540218,-0.32508412051126273,0,0,0,0.014507927586148228,0
0.3377753276706966,0.6452647139350502,0.1294690539585244,0,0,0,0.014507927586148228,0
0.007082819007771643,0.45413418356145274,0.5109555666807497,0,0,0,0.014507927586148228,0
-0.08900026080994335,-0.12203218364815784,0.417905550867782,0,0,0,0.014507927586148228,0
0.1461068908224643,-0.19237393687344928,0.6654051141027113,0,0,0,0.014507927586148228,0
-0.4687455562394401,0.4132466312419744,0.2500975043347432,0,0,0,0.014507927586148228,0
-0.01909051751477309,0.17095618803663343,-0.19183767157451176,0,0,0,0.014507927586148228,0
-0.14803990697301517,-0.41476351877425977,-0.538866088300822,0,0,0,0.014507927586148228,0
-0.06774593805400056,-0.30190307615894496,-0.49200044810840743,0,0,0,0.014507927586148228,0
0.5290957562113603,-0.22976130349224094,-0.3851799657177361,0,0,0,0.014507927586148228,0
-0.00010917287704488907,0.00882103826357273,-0.608363728416146,0,0,0,0.014507927586148228,0
0.054732869982453594,-0.21083242629337587,0.49163834720918875,0,0,0,0.014507927586148228,0
0.602228324438702,0.129178249914102,0.13926583426399627,0,0,0,0.014507927586148228,0
0.4219185232806003,-0.08984248244293966,0.5363662329696199,0,0,0,0.014507927586148228,0
0.49090356407262375,0.029547094300493123,0.29506804361104266,0,0,0,0.014507927586148228,0
0.3454846536563312,-0.07405413449569798,0.1502196820058822,0,0,0,0.014507927586148228,0
-0.37447096973387756,-0.18241356115522514,0.01981360159596658,0,0,0,0.014507927586148228,0
0.01706855605643495,0.0978467852023807,0.7047906261060861,0,0,0,0.014507927586148228,0
0.04482288384249051,0.4346116852534281,-0.14671282671008057,0,0,0,0.014507927586148228,0
-0.01822626587076835,-0.012800563640323928,-0.21737877672316178,0,0,0,0.014507927586148228,0
-0.5774265259907074,0.23801611186351695,-0.2664649141185962,0,0,0,0.014507927586148228,0
0.19951194006019768,-0.5665694759995494,0.0933151367153608,0,0,0,0.014507927586148228,0
0.48193638560924607,-0.5560056931908303,0.11799183374080599,0,0,0,0.014507927586148228,0
0.44632525609104756,0.3055349584265876,-0.4351530890073542,0,0,0,0.014507927586148228,0
0.1350048895012549,-0.002005151961921431,0.5242362001180892,0,0,0,0.014507927586148228,0
-0.1560155891216295,0.04019461796501391,0.6604513925630249,0,0,0,0.014507927586148228,0
-0.23584083496909303,0.6899472379543965,0.14980602567897924,0,0,0,0.014507927586148228,0
-0.23972927690206047,0.021459446638387735,-0.5108463144653131,0,0,0,0.014507927586148228,0
0.38656013231168823,-0.10629539967669387,-0.2779659271269525,0,0,0,0.014507927586148228,0
-0.10673435409384065,-0.04457317617141541,-0.36860516183353886,0,0,0,0.014507927586148228,0
-0.30911503860442646,0.479924506202058,0.40758708677727995,0,0,0,0.014507927586148228,0
0.19477729386155765,0.39664261158072384,0.25877939170059533,0,0,0,0.014507927586148228,0
0.020534082309675655,-0.3179104861813074,0.44612680208920935,0,0,0,0.014507927586148228,0
-0.05910673181675885,-0.27992373901482104,-0.47996048009269604,0,0,0,0.014507927586148228,0
0.07471207859418214,-0.23568513881736025,0.11609099352196638,0,0,0,0.014507927586148228,0
0.5338121164788416,-0.09279900216459169,-0.1527579463291533,0,0,0,0.014507927586148228,0
-0.09283986052941638,-0.43184819497030963,0.5578999731169347,0,0,0,0.014507927586148228,0
0.1156213774559186,0.2564711258792329,0.33691068453138984,0,0,0,0.014507927586148228,0
0.2450502428270806,-0.20685276931924698,0.6537709337778818,0,0,0,0.014507927586148228,0
-0.3467849138511191,-0.23913769413728042,0.4340098106806998,0,0,0,0.014507927586148228,0
0.18550735245534355,-0.0756787307340003,0.7188055625126225,0,0,0,0.014507927586148228,0
-0.1692099358429206,-0.11376854701332825,-0.574134040852251,0,0,0,0.014507927586148228,0
0.1953316497966732,-0.24167983109005284,0.175666914014955,0,0,0,0.014507927586148228,0
-0.3101312518267522,0.13582185694618987,0.5558051635297919,0,0,0,0.014507927586148228,0
0.25707884492415317,-0.24247631977582576,0.36978294039560283,0,0,0,0.014507927586148228,0
-0.005202228231266832,0.0009892622034644277,0.536497512129493,0,0,0,0.014507927586148228,0
-0.4744320310919601,-0.005012271889529273,0.25460019503723585,0,0,0,0.014507927586148228,0
0.16683743160385092,0.13533534490473337,0.6503671233229122,0,0,0,0.014507927586148228,0
-0.43423735540253927,-0.47420692211374604,-0.36739061623719277,0,0,0,0.014507927586148228,0
-0.1311239591496343,0.2650235173101065,-0.24364084623094756,0,0,0,0.014507927586148228,0
0.16918112175090366,-0.2925209967124265,-0.2833072081460859,0,0,0,0.014507927586148228,0
0.07603766020474653,-0.3055359210705553,-0.3361563703691434,0,0,0,0.014507927586148228,0
-0.1156672943800591,-0.4138088043836148,0.07173407303065363,0,0,0,0.014507927586148228,0
0.07043204747632666,0.12132398969894768,0.15511315072408882,0,0,0,0.014507927586148228,0
-0.007133950239778042,-0.41176176913840773,0.5681248439208673,0,0,0,0.014507927586148228,0
-0.07987641901085359,-0.24928694078999145,-0.2573769996284762,0,0,0,0.014507927586148228,0
-0.00258535487934946,0.0064530899965130175,0.7244093046499258,0,0,0,0.014507927586148228,0
-0.18859273587307915,0.43758306513273626,0.30184175185531315,0,0,0,0.014507927586148228,0
0.04550364616403905,0.16354420426344113,-0.4592026821483375,0,0,0,0.014507927586148228,0
-0.0039006977029187556,-0.041990156351073143,-0.5190454322715484,0,0,0,0.014507927586148228,0
0.35918493670016344,0.41753508024001657,0.39394945733234893,0,0,0,0.014507927586148228,0
-0.22685767708163676,0.3370029856664835,0.46830272940049383,0,0,0,0.014507927586148228,0
0.11426016602135851,0.14118240489286926,-0.4624692937786229,0,0,0,0.014507927586148228,0
0.21784292258054286,-0.27744898374380556,0.34413336088878893,0,0,0,0.014507927586148228,0
-0.33927327397607415,0.419580225303366,0.192050761492956,0,0,0,0.014507927586148228,0
-0.6251412584112571,-0.20518993193777188,-0.19453696857587974,0,0,0,0.014507927586148228,0
-0.4335297161047131,0.30730875683089254,0.30260927320557346,0,0,0,0.014507927586148228,0
0.1515163557201515,-0.12854380519316452,0.6667249772096407,0,0,0,0.014507927586148228,0
0.5846458386650416,-0.36958057154407664,-0.07551612289592662,0,0,0,0.014507927586148228,0
-0.13801446930727998,0.24237186265992394,-0.09823791673523471,0,0,0,0.014507927586148228,0
-0.5588419084934932,-0.18177652782432635,0.29010797335604427,0,0,0,0.014507927586148228,0
0.12078382148634512,-0.36160853492232997,0.2595967634764063,0,0,0,0.014507927586148228,0
-0.14138262836291,-0.5683660640272169,-0.44925821520828774,0,0,0,0.014507927586148228,0
-0.008196095637956894,0.009040998894959114,0.23763570191332964,0,0,0,0.014507927586148228,0
0.1514451327820362,0.23093914421705108,-0.6103315855733575,0,0,0,0.014507927586148228,0
0.2106726495917587,-0.11688141449803346,-0.6218558205312179,0,0,0,0.014507927586148228,0
0.4768778908749367,-0.41919461641353306,0.19393368689049287,0,0,0,0.014507927586148228,0
0.5642468836893652,-0.1930035129528287,0.4539443597072978,0,0,0,0.014507927586148228,0
-0.07710131512642168,-0.6075874153121231,-0.26339929404959683,0,0,0,0.014507927586148228,0
-0.2614968627901233,0.10444479296351489,-0.2521753121441408,0,0,0,0.014507927586148228,0
-0.0845890479529091,-0.18878685176163137,0.705570612028477,0,0,0,0.014507927586148228,0
0.00013380292033201804,0.024330675121803275,0.3727640629052902,0,0,0,0.014507927586148228,0
-0.5076588148982375,0.113777839436917,0.2822473821771621,0,0,0,0.014507927586148228,0
-0.14037725772100115,0.6489926593031157,0.1488167153269449,0,0,0,0.014507927586148228,0
-0.19128954149972438,0.20494632015560454,-0.06292471606713511,0,0,0,0.014507927586148228,0
-0.08599726277931137,0.02171845917434888,0.27472655498573334,0,0,0,0.014507927586148228,0
-0.10407859614894889,-0.36832437089215164,0.4099916758954385,0,0,0,0.014507927586148228,0
-0.04513080257686282,0.0016324564015627286,0.5556458290020843,0,0,0,0.014507927586148228,0
-0.23120107772231197,-0.47725928225515374,0.41926980902550537,0,0,0,0.014507927586148228,0
0.12184923267715282,0.5447519132263917,-0.4498592782634535,0,0,0,0.014507927586148228,0
0.02349632462626948,0.1758015174311318,0.6702361812958851,0,0,0,0.014507927586148228,0
-0.2603686263472536,0.07182734582534546,-0.05150667435041757,0,0,0,0.014507927586148228,0
-0.2562265499299969,-0.03179259186221851,-0.6685943043312532,0,0,0,0.014507927586148228,0
0.18845007371214195,-0.08094507849166034,-0.5922231069558196,0,0,0,0.014507927586148228,0
0.09862314894198497,-0.5252623668619621,0.039894683140395584,0,0,0,0.014507927586148228,0
0.37041525363880645,0.4286721054329816,0.08218010759492991,0,0,0,0.014507927586148228,0
0.22925489232620436,0.1051318435253984,-0.46348298183446024,0,0,0,0.014507927586148228,0
0.27184458610987733,0.2035582338390339,0.19726923519397566,0,0,0,0.014507927586148228,0
0.2134592982401829,-0.4882832883792182,0.1235283431987973,0,0,0,0.014507927586148228,0
-0.45110574468870795,0.1621990665207058,-0.5562547240464607,0,0,0,0.014507927586148228,0
-0.3814163779193747,-0.2685243979966572,-0.3278639202856278,0,0,0,0.014507927586148228,0
0.15992864493663259,-0.043773955174324836,-0.4691187877368472,0,0,0,0.014507927586148228,0
-0.029296407622977683,0.12868107725723826,0.2549658663582304,0,0,0,0.014507927586148228,0
-0.029966632003835685,-0.3508235154640416,0.651134933060912,0,0,0,0.014507927586148228,0
-0.29217155620310226,-0.23055208912374364,-0.40067995418408336,0,0,0,0.014507927586148228,0
-0.30918007032259187,0.06108594547473325,0.014974976849554546,0,0,0,0.014507927586148228,0
0.5643133719258326,-0.27647899494960576,0.05228702581314689,0,0,0,0.014507927586148228,0
0.44568256782882093,0.574878490875565,0.011145629350081234,0,0,0,0.014507927586148228,0
0.4237005246788677,-0.21323350283854195,0.18812015038265453,0,0,0,0.014507927586148228,0
-0.32221747562965125,0.4838294987524339,-0.26562313043366825,0,0,0,0.014507927586148228,0
0.0650164284991081,-0.6408499670873384,-0.11906710003709527,0,0,0,0.014507927586148228,0
0.5433679624657464,-0.03679009470468763,-0.47620501909831203,0,0,0,0.014507927586148228,0
0.02048620531644989,-0.027598153429844976,0.6412673685551109,0,0,0,0.014507927586148228,0
0.0005697501019816056,0.004250730568202219,0.4982484956644676,0,0,0,0.014507927586148228,0
-0.10751004966546827,-0.4946792129139639,0.1742600999351856,0,0,0,0.014507927586148228,0
-0.49694378422123187,-0.39646693007119976,-0.04619766705880277,0,0,0,0.014507927586148228,0
-0.39319493242756237,0.13857396366129118,-0.09193162648708132,0,0,0,0.014507927586148228,0
-0.10854539830860224,0.012407753730671456,-0.5128307697032898,0,0,0,0.014507927586148228,0
0.2221924684489703,-0.3445799831564125,0.5980483639385314,0,0,0,0.014507927586148228,0
-0.36664565945401667,-0.2634707951259268,-0.18365652596984172,0,0,0,0.014507927586148228,0
-0.5508190743046576,0.11954726724532011,-0.07364526531853025,0,0,0,0.014507927586148228,0
-0.04527958426289036,-0.3412642221209252,0.2333156184418911,0,0,0,0.014507927586148228,0
0.29185301234641725,-0.18492016266752356,-0.47156400145780064,0,0,0,0.014507927586148228,0
0.2993283037098642,0.38369231462657905,0.18706192918308903,0,0,0,0.014507927586148228,0
0.3429820260061308,-0.14467688018169814,-0.5348170860038789,0,0,0,0.014507927586148228,0
-0.1604050336697719,-0.036587356705444114,0.06727290991451697,0,0,0,0.014507927586148228,0
-0.267939303551047,0.2799634144596911,0.5149549290368722,0,0,0,0.014507927586148228,0
0.11843622045680376,-0.004552196370260214,-0.45054716903909947,0,0,0,0.014507927586148228,0
-0.4869530556639823,-0.13148491938465456,0.491652615590563,0,0,0,0.014507927586148228,0
0.11245819931816828,0.000441064196926275,0.27415160489035406,0,0,0,0.014507927586148228,0
-0.05254788507444995,0.20890449267184133,-0.3129337966319328,0,0,0,0.014507927586148228,0
-0.07012519195816452,-0.18368708117464216,-0.3985674743631211,0,0,0,0.014507927586148228,0
0.07484063699725099,-0.014598529444370546,0.45915065029263047,0,0,0,0.014507927586148228,0
0.4881202306873204,0.41577300654936017,-0.3872304362583559,0,0,0,0.014507927586148228,0
0.09189187940099681,-0.17927610067953556,0.6815923934274155,0,0,0,0.014507927586148228,0
-0.13736194042215447,0.12374722425978504,-0.6141525728644455,0,0,0,0.014507927586148228,0
-0.6203432137555228,0.11340639914989077,0.23498302738312835,0,0,0,0.014507927586148228,0
0.4444968347271604,-0.07440973083951415,0.3476417782828615,0,0,0,0.014507927586148228,0
-0.2937168831475778,-0.3237883138054239,-0.23742681428629728,0,0,0,0.014507927586148228,0
0.009327266568244886,-0.003839262244936027,-0.738816558247783,0,0,0,0.014507927586148228,0
-0.3944304761262562,-0.5911238994078862,-0.14110285390964689,0,0,0,0.014507927586148228,0
0.0396637322247123,0.5854107330870612,-0.28288932404406164,0,0,0,0.014507927586148228,0
-0.5931233635670595,0.04772744591083279,-0.21481235871275453,0,0,0,0.014507927586148228,0
0.15108987459336898,0.09824411414021035,-0.6641759849087978,0,0,0,0.014507927586148228,0
-0.5079029305977116,0.15618028059630515,-0.05129367166051436,0,0,0,0.014507927586148228,0
-0.006172102332103506,-0.614972061599277,0.2339442363080518,0,0,0,0.014507927586148228,0
0.08946341670224779,-0.4205337181750863,0.04143031120079726,0,0,0,0.014507927586148228,0
-0.2603391447380238,-0.5006848299841264,0.1484442995650429,0,0,0,0.014507927586148228,0
0.39480831802188276,-0.2236007672712392,0.551050804045403,0,0,0,0.014507927586148228,0
0.551373518926317,0.24192859468586086,-0.3214749173026477,0,0,0,0.014507927586148228,0
-0.49927120324349816,0.31569419409946026,-0.1221635088426375,0,0,0,0.014507927586148228,0
0.0837786637791198,0.14978399755536528,0.6003916454409454,0,0,0,0.014507927586148228,0
0.6383809229657833,-0.33646269932196243,0.09033163295061956,0,0,0,0.014507927586148228,0
-0.18865033075935295,-0.717564900407705,-0.04420436005355118,0,0,0,0.014507927586148228,0
-0.018076234559961026,0.14464205460804935,0.7223445342782425,0,0,0,0.014507927586148228,0
0.4185071451612348,0.08594282136017484,-0.31773872528778946,0,0,0,0.014507927586148228,0
0.3117012765707673,0.4255271975638356,-0.15022436545175247,0,0,0,0.014507927586148228,0
-0.1428695212847235,0.053808363666826245,-0.5901838305892104,0,0,0,0.014507927586148228,0
0.12376083517818735,-0.1729566783270269,-0.44681694756917967,0,0,0,0.014507927586148228,0
0.37003808668790317,0.3122652193069505,0.47799165706187036,0,0,0,0.014507927586148228,0
-0.03138741874908198,0.0040526499658219165,-0.6323052590768495,0,0,0,0.014507927586148228,0
0.7015398036159333,0.03479256102734286,-0.25188403383239594,0,0,0,0.014507927586148228,0
0.018887379128897493,0.07193240815845682,0.1163239550152734,0,0,0,0.014507927586148228,0
-0.14705492188364852,-0.08443188179636803,-0.25159203661285606,0,0,0,0.014507927586148228,0
-0.1921515261240288,0.1543717338379781,0.6476155538423122,0,0,0,0.014507927586148228,0
-0.16089301574164294,-0.06732140450062143,0.6314617092230942,0,0,0,0.014507927586148228,0
0.31067723708335254,-0.38493313937748685,-0.40945231127236154,0,0,0,0.014507927586148228,0
0.46916776908893254,-0.2674586483561817,0.28196289558274146,0,0,0,0.014507927586148228,0
0.1295083630318948,-0.3000918851405218,-0.3379018272404306,0,0,0,0.014507927586148228,0
-0.6213691533775673,0.005566025479790583,0.4019555833431235,0,0,0,0.014507927586148228,0
0.42110462984856234,-0.12268032008028197,-0.1638008334046673,0,0,0,0.014507927586148228,0
-0.6280539202648867,-0.12028148361477226,0.2881831549096329,0,0,0,0.014507927586148228,0
0.2431471424802816,-0.26019171766144583,-0.3539956104520266,0,0,0,0.014507927586148228,0
0.6765500717966738,-0.1655103654550737,0.24746387426426128,0,0,0,0.014507927586148228,0
0.5901127924572912,0.029192614140195153,0.3493958130498217,0,0,0,0.014507927586148228,0
-0.14754176421715537,-0.23556991909362948,-0.6151546903713556,0,0,0,0.014507927586148228,0
0.0981363756337427,0.0695692188994098,0.7316210415149622,0,0,0,0.014507927586148228,0
-0.23191267832582693,0.008953912702300523,-0.4988336901428777,0,0,0,0.014507927586148228,0
-0.4671475090945631,0.3100181222975386,-0.31729890118725923,0,0,0,0.014507927586148228,0
-0.23172018066353103,-0.28117245658480094,-0.429013328302168,0,0,0,0.014507927586148228,0
0.006980516039878662,-0.010356306492173067,0.6827699153867491,0,0,0,0.014507927586148228,0
-0.13483689229972035,0.4478038410079663,-0.2789919385547949,0,0,0,0.014507927586148228,0
-0.17934781026571475,0.1307347819800701,0.644307427536416,0,0,0,0.014507927586148228,0
0.1672029206745407,-0.6365781490769574,0.2628734948415161,0,0,0,0.014507927586148228,0
0.3917418339105718,-0.2870151336914373,0.5100141331747313,0,0,0,0.014507927586148228,0
-0.023361793235599945,0.1234761506410231,0.7367559459327732,0,0,0,0.014507927586148228,0
-0.12918885774214606,-0.07526958720219021,-0.23470599992819624,0,0,0,0.014507927586148228,0
0.39458554501258986,0.29420789823355775,0.49081713266354626,0,0,0,0.014507927586148228,0
0.1901096575640307,0.622316088707146,-0.11111724267810089,0,0,0,0.014507927586148228,0
-0.2817063793915902,-0.24402593828273536,-0.46470765117513446,0,0,0,0.014507927586148228,0
0.708995207587003,0.10818782834439895,-0.12360042218855943,0,0,0,0.014507927586148228,0
-0.38733969461958384,-0.19406547354714312,0.49549814570943485,0,0,0,0.014507927586148228,0
0.2227649332503389,0.08915008863271051,0.65749779011496,0,0,0,0.014507927586148228,0
0.09396026319464973,-0.6400902090534121,0.20150798902256006,0,0,0,0.014507927586148228,0
-0.11166999029264434,-0.03487299617655978,-0.01885661336690962,0,0,0,0.014507927586148228,0
0.06332655498704036,-0.1038699886486224,-0.5500076228175732,0,0,0,0.014507927586148228,0
-0.029204688207534784,-0.14207705939927376,-0.42370946107694235,0,0,0,0.014507927586148228,0
0.17378646000674697,0.0029870263067928375,-0.6782494969797139,0,0,0,0.014507927586148228,0
0.1593275047416914,0.44813017523226667,-0.011253144433845336,0,0,0,0.014507927586148228,0
-0.5687189681810946,0.14777872347555882,0.1935507792103337,0,0,0,0.014507927586148228,0
-0.5973005364500551,-0.018508253232413927,-0.33155879556217566,0,0,0,0.014507927586148228,0
-0.10180944114847038,0.36854228803548955,-0.32553267296802246,0,0,0,0.014507927586148228,0
-0.3845922989904489,-0.5192324693214895,-0.02391127005676759,0,0,0,0.014507927586148228,0
0.4136533957094238,0.15128120003516324,0.5617747106605258,0,0,0,0.014507927586148228,0
-0.2206772622228026,-0.2715885980159236,-0.4693152826770581,0,0,0,0.014507927586148228,0
-0.02415088421897967,0.021109076754269665,-0.19964701690640163,0,0,0,0.014507927586148228,0
-0.009765337207255627,0.26359455438256857,-0.3749585546354319,0,0,0,0.014507927586148228,0
-0.10578876744925085,0.39506567510869683,-0.5683718936849396,0,0,0,0.014507927586148228,0
0.18794876730677768,0.1956298121014557,0.43413913013813005,0,0,0,0.014507927586148228,0
0.08947192701277856,-0.35846850452072476,-0.2276016327512403,0,0,0,0.014507927586148228,0
0.04081714438495591,0.2306282203742702,0.5180852281053593,0,0,0,0.014507927586148228,0
-0.11610896810506277,0.022120536502195566,0.5996479361463833,0,0,0,0.014507927586148228,0
0.31856649383000546,-0.02107367579452911,-0.12522447721874747,0,0,0,0.014507927586148228,0
-0.31601730214983165,0.4876618191594625,-0.04579126392550223,0,0,0,0.014507927586148228,0
-0.009435873669333024,-0.19747877213932172,-0.676968393754076,0,0,0,0.014507927586148228,0
-0.5563926380025173,-0.17894249567736686,0.3525778443594008,0,0,0,0.014507927586148228,0
0.6804103198134906,0.19790967804519569,0.16799782014808223,0,0,0,0.014507927586148228,0
-0.07061334695701808,-0.4096883425547863,0.18191511713917663,0,0,0,0.014507927586148228,0
0.1649912128127876,-0.07487455217512612,0.6897618611631036,0,0,0,0.014507927586148228,0
-0.1380731693646698,0.2742724419415357,0.5621579585185551,0,0,0,0.014507927586148228,0
-0.33588033681013946,0.041673209786455376,-0.5385272199322871,0,0,0,0.014507927586148228,0
0.40622322428015994,0.1324052559205157,-0.5884914616216295,0,0,0,0.014507927586148228,0
-0.2556393705466426,-0.3918616102275922,-0.22018539891868055,0,0,0,0.014507927586148228,0
0.6128790884619871,0.15841409412089352,-0.37569835517048755,0,0,0,0.014507927586148228,0
-0.21176806768958958,-0.5596142817587884,0.11812499815019101,0,0,0,0.014507927586148228,0
0.20747408218552188,0.08087938230750596,-0.31411411646726367,0,0,0,0.014507927586148228,0
-0.20888354926826486,-0.2908031130244848,-0.6578449455405435,0,0,0,0.014507927586148228,0
0.5497920166977572,-0.009332424956086926,-0.2275079884407839,0,0,0,0.014507927586148228,0
0.0965915026399977,0.6691532316545998,-0.042678756618637716,0,0,0,0.014507927586148228,0
0.3585185503763126,0.499285199655686,0.2453919652421576,0,0,0,0.014507927586148228,0
-0.4969232226780179,-0.2813810015545558,-0.2238863049672367,0,0,0,0.014507927586148228,0
0.5285305637575416,-0.39284470587789644,0.06856912418320453,0,0,0,0.014507927586148228,0
-0.22475658062815326,0.6068895657823878,-0.37638469775662764,0,0,0,0.014507927586148228,0
-0.20469767465130098,0.4594722026497201,-0.1561904046104176,0,0,0,0.014507927586148228,0
-0.6677667579951707,-0.052883905937117406,-0.14671603540021724,0,0,0,0.014507927586148228,0
0.03163542450092574,0.09135504624577548,-0.4159159626262552,0,0,0,0.014507927586148228,0
-0.009942562479951757,-0.009142081205365504,-0.6519810570627758,0,0,0,0.014507927586148228,0
-0.12041518581496134,0.12043714331113507,-0.37830367201474707,0,0,0,0.014507927586148228,0
0.03221735110742706,-0.0349828107089163,0.12479097877369705,0,0,0,0.014507927586148228,0
0.5044480122425233,-0.3054426764746787,0.41008056460294934,0,0,0,0.014507927586148228,0
0.25590044029504844,0.04816764548310745,-0.46053261434716414,0,0,0,0.014507927586148228,0
0.5163207213213148,-0.22974919926863374,-0.4333789526254537,0,0,0,0.014507927586148228,0
0.23062560027768395,-0.37596608516209984,-0.5659648026447873,0,0,0,0.014507927586148228,0
-0.0896604675910685,-0.3136771689059782,0.00040142074276051443,0,0,0,0.014507927586148228,0
-0.04283117876922483,-0.07225670171510117,-0.45733841040512657,0,0,0,0.014507927586148228,0
0.0513095799692654,0.36315853318140146,0.595379999816752,0,0,0,0.014507927586148228,0
-0.4039017870497366,0.25866804441419694,0.16357459644142083,0,0,0,0.014507927586148228,0
0.09342725184185743,-0.03565096833612826,-0.6330779236110397,0,0,0,0.014507927586148228,0
0.04766477175695635,0.022750468983399406,-0.24296273486081701,0,0,0,0.014507927586148228,0
-0.03932994447772458,-0.012790069122421841,-0.3266635692380923,0,0,0,0.014507927586148228,0
0.12051990469649078,-0.13844983109771716,-0.5888343367458737,0,0,0,0.014507927586148228,0
-0.4781534236316289,-0.12121047174945779,-0.1999335194539707,0,0,0,0.014507927586148228,0
0.6915677206134387,-0.2625317545749533,0.0542228366949719,0,0,0,0.014507927586148228,0
0.30800511938384106,-0.03128638691146124,0.06075067747939559,0,0,0,0.014507927586148228,0
0.7232909076862687,0.08167824542446993,-0.1664978932731051,0,0,0,0.014507927586148228,0
-0.17088535978510544,-0.23154698188584025,-0.2076662701395455,0,0,0,0.014507927586148228,0
0.0008773534328102567,0.00401184095799882,-0.6125780674276778,0,0,0,0.014507927586148228,0
0.03736282349388653,-0.14316859769289758,0.6581872116767475,0,0,0,0.014507927586148228,0
0.042145894912573756,-0.5175112705209598,0.342305006785417,0,0,0,0.014507927586148228,0
0.03531490945549325,-0.08064989560885717,-0.5056309482305935,0,0,0,0.014507927586148228,0
-0.2777093955020855,0.445946127421663,0.17186320040671474,0,0,0,0.014507927586148228,0
0.29794228273479884,-0.2355607623412013,0.17035704909716284,0,0,0,0.014507927586148228,0
-0.05797895777849418,-0.5646164937431027,0.12485838948764619,0,0,0,0.014507927586148228,0
-0.002267487305399538,-0.03130766712798951,0.708211177457793,0,0,0,0.014507927586148228,0
0.25323239809187953,-0.1525181163942936,-0.6360344771372367,0,0,0,0.014507927586148228,0
-0.36685603469098194,0.6343875983870548,0.0831632811544276,0,0,0,0.014507927586148228,0
0.04014673451016697,-0.25243289690452225,0.5510883864001966,0,0,0,0.014507927586148228,0
0.001257267261945798,-0.3212429989538112,-0.42829065312339815,0,0,0,0.014507927586148228,0
-0.528900419833383,0.007257318094193221,-0.40782267890448115,0,0,0,0.014507927586148228,0
-0.1038551127914752,0.36437006077553635,-0.5503608178910402,0,0,0,0.014507927586148228,0
-0.004701697976995632,-0.2344263735310802,0.3855174647710128,0,0,0,0.014507927586148228,0
0.20632741870624474,-0.1774446473694957,0.5855048619388217,0,0,0,0.014507927586148228,0
0.28634989525356536,0.03828038568562932,-0.40037864267768686,0,0,0,0.014507927586148228,0
-0.18811015827748329,-0.012880998212113632,0.4942030562222489,0,0,0,0.014507927586148228,0
0.44164875429172057,-0.08647757964790219,-0.5391888889750868,0,0,0,0.014507927586148228,0
-0.008484178868776506,-0.004949756260872513,0.6649684505588386,0,0,0,0.014507927586148228,0
-0.31039893507391175,-0.07752292397610056,-0.4770929463038773,0,0,0,0.014507927586148228,0
-0.3115040183120704,0.15955638317338608,-0.537616827704449,0,0,0,0.014507927586148228,0
0.2408723236706907,0.2905249207376551,0.6233219082508595,0,0,0,0.014507927586148228,0
-0.13756135034334285,-0.4363366780292882,0.15416914837117848,0,0,0,0.014507927586148228,0
-0.11964046544021406,0.5330206033965933,-0.18634076641166594,0,0,0,0.014507927586148228,0
0.07152725849777351,-0.7085890448755829,0.16144031252742852,0,0,0,0.014507927586148228,0
-0.1150236646611557,-0.2733252614119196,-0.030206400432710587,0,0,0,0.014507927586148228,0
-0.3601003739388359,-0.5981159200594557,0.23373501423575513,0,0,0,0.014507927586148228,0
-0.21906242160773934,-0.580588574770731,0.3207926922210719,0,0,0,0.014507927586148228,0
-0.4065372805582888,0.3973996428586101,0.2712186464560759,0,0,0,0.014507927586148228,0
0.5606001585647119,-0.3487496637473912,0.2913774576281174,0,0,0,0.014507927586148228,0
0.05387562682077829,-0.017324182087054583,-0.4428968014073095,0,0,0,0.014507927586148228,0
-0.1055615163623304,0.0320267822579902,-0.6243927494775793,0,0,0,0.014507927586148228,0
0.021561225059214414,0.2676312047778331,-0.6668375697703911,0,0,0,0.014507927586148228,0
-0.7087189959619212,0.000963859053299315,-0.13430531044019087,0,0,0,0.014507927586148228,0
0.005588625906229776,-0.3508022079052067,0.4273300993084475,0,0,0,0.014507927586148228,0
-0.04474737227746384,-0.19740447918582496,0.709288265873679,0,0,0,0.014507927586148228,0
0.11969246053473413,-0.16184251785775045,-0.6862133309235352,0,0,0,0.014507927586148228,0
0.10865551066951075,-0.5659897257373468,-0.20237078127471314,0,0,0,0.014507927586148228,0
0.49556684353247266,0.26669431682015793,0.372991670694618,0,0,0,0.014507927586148228,0
-0.00012565040174083173,0.008039259575823332,0.6571120769156169,0,0,0,0.014507927586148228,0
-0.14548481462175344,-0.5734658759465829,-0.18453504887304595,0,0,0,0.014507927586148228,0
0.21155754435713778,-0.38165817812051667,0.2688221530360694,0,0,0,0.014507927586148228,0
0.15699281243970534,0.32406214761061314,0.16022665760561336,0,0,0,0.014507927586148228,0
-0.02343627523661535,0.35490509671108733,0.09320915753115962,0,0,0,0.014507927586148228,0
-0.17137444977787158,0.3461963748897089,-0.6049878181408557,0,0,0,0.014507927586148228,0
-0.1960393734467097,0.4568016690180278,-0.024814433363904206,0,0,0,0.014507927586148228,0
0.03805145960141342,-0.001369049715130826,-0.1490858543421105,0,0,0,0.014507927586148228,0
-0.34724803071114807,0.4997018119537092,-0.0578045781040594,0,0,0,0.014507927586148228,0
0.11450979516415273,0.19424232708896774,0.5862692129584769,0,0,0,0.014507927586148228,0
-0.025288026403221295,0.17586075858263878,0.7034334317304235,0,0,0,0.014507927586148228,0
-0.12686995498170234,0.11461713919290858,-0.5008678928857575,0,0,0,0.014507927586148228,0
0.6567097615685575,0.1772258951425311,0.20223042479574943,0,0,0,0.014507927586148228,0
0.2107747635895109,-0.2812189195082064,-0.5435717406998639,0,0,0,0.014507927586148228,0
0.6088909947217968,0.09128483577377404,-0.029933949423771384,0,0,0,0.014507927586148228,0
-0.6876464462170431,0.08965434604938836,0.06913291863736638,0,0,0,0.014507927586148228,0
-0.006009308994481526,0.02083692235789382,-0.04372959978371876,0,0,0,0.014507927586148228,0
0.23927139988643686,0.10111303773567724,-0.16443435639912923,0,0,0,0.014507927586148228,0
0.2410912242717182,-0.2444646048984292,0.13684517506908506,0,0,0,0.014507927586148228,0
-0.24961189959818025,-0.19552128595151025,-0.02880821547709714,0,0,0,0.014507927586148228,0
-0.006079466778385633,0.19942212903913245,-0.005761860304650262,0,0,0,0.014507927586148228,0
-0.2141255842541759,-0.6931435904338067,0.11365915364090692,0,0,0,0.014507927586148228,0
0.09036100092511118,-0.2836156423977068,-0.6221170375631023,0,0,0,0.014507927586148228,0
0.21028748320994908,0.23682625770647825,-0.6354891340336246,0,0,0,0.014507927586148228,0
-0.033008334281368436,0.15404123314758794,-0.3212825107892747,0,0,0,0.014507927586148228,0
0.32402748863387154,0.08812778660745241,0.31058949169034006,0,0,0,0.014507927586148228,0
-0.5152166452709808,0.1778005273966753,-0.3048092602759655,0,0,0,0.014507927586148228,0
-0.07805140442310683,-0.023144828646467913,-0.6542214739336426,0,0,0,0.014507927586148228,0
0.4930948820397373,0.1615608258681643,0.2757631053148698,0,0,0,0.014507927586148228,0
0.010185373430100392,0.0001033936726764509,0.5868968379367281,0,0,0,0.014507927586148228,0
0.14975120982541534,0.2882084560069857,-0.22876906092406843,0,0,0,0.014507927586148228,0
-0.06241920290921617,-0.06784719778268886,-0.5617273219275527,0,0,0,0.014507927586148228,0
0.4611662350029179,-0.24854668879679315,-0.5203167406011089,0,0,0,0.014507927586148228,0
-0.4251263672491847,0.2927496756675068,-0.1590535961341929,0,0,0,0.014507927586148228,0
-0.027282620899589414,-0.02246710310835112,0.1524803010302093,0,0,0,0.014507927586148228,0
-0.2440443405897799,-0.0493818861519386,0.4342174940919582,0,0,0,0.014507927586148228,0
0.422542087309327,0.4145181800013953,-0.3174158665771253,0,0,0,0.014507927586148228,0
-0.060973785244119484,0.5417168548997996,-0.1825802627445425,0,0,0,0.014507927586148228,0
0.18751083169355753,-0.2618656406904846,0.48099003243636074,0,0,0,0.014507927586148228,0
-0.28064433491667035,-0.17984920919609104,-0.28811824573988953,0,0,0,0.014507927586148228,0
0.6484804396862787,-0.06851591236254528,-0.12269973115503707,0,0,0,0.014507927586148228,0
0.005642112330738551,0.2908458701646254,0.1111052642544757,0,0,0,0.014507927586148228,0
-0.0656459267049681,-0.12594154817935835,0.17440467188508577,0,0,0,0.014507927586148228,0
-0.07699467908524918,-0.05725815363708246,0.638326311924938,0,0,0,0.014507927586148228,0
-0.4424758945811143,-0.1495977921628833,-0.3477102535267568,0,0,0,0.014507927586148228,0
0.26877778058481877,-0.5743077745903141,-0.15099903905113984,0,0,0,0.014507927586148228,0
0.051212717955593214,-0.1276267690818236,-0.7213021780106829,0,0,0,0.014507927586148228,0
-0.10728624535207425,0.06693247667656517,-0.5009663923383825,0,0,0,0.014507927586148228,0
-0.1042696125544086,-0.11734017959698895,0.2614851327308163,0,0,0,0.014507927586148228,0
-0.6080075597272561,0.3756822002435752,-0.09067464323355322,0,0,0,0.014507927586148228,0
-0.33661738004858327,-0.388988892011137,0.3487682140483173,0,0,0,0.014507927586148228,0
-0.1026279748160143,0.16190741772897685,0.6225166486027006,0,0,0,0.014507927586148228,0
0.024572710505232492,0.12286582632208294,0.24197589746773707,0,0,0,0.014507927586148228,0
0.029354327630970387,0.006757815767280455,-0.7331321923811901,0,0,0,0.014507927586148228,0
0.10643016292004669,0.1435842317664548,0.186067503367975,0,0,0,0.014507927586148228,0
0.34407098693123683,0.6267427702540846,0.02090536587372711,0,0,0,0.014507927586148228,0
0.07247951598608379,0.2850144843283627,0.24880131041102263,0,0,0,0.014507927586148228,0
-0.022199029767574853,0.020483564506807078,-0.3550097544205793,0,0,0,0.014507927586148228,0
0.21786300560927002,0.04777095453986103,0.6101368344241158,0,0,0,0.014507927586148228,0
-0.08944462693637228,-0.12784513959991636,0.5060712111962902,0,0,0,0.014507927586148228,0
0.34721954985198394,-0.09491836948075112,0.6554792096481175,0,0,0,0.014507927586148228,0
0.10743396831368203,0.16257993792773778,-0.6964088587818172,0,0,0,0.014507927586148228,0
0.28757567162712466,-0.255293650619064,0.02232538522453532,0,0,0,0.014507927586148228,0
0.1470198879626076,0.11706423797070044,-0.5929620279752787,0,0,0,0.014507927586148228,0
-0.006224842435645491,0.10691436184110659,-0.7336480617816818,0,0,0,0.014507927586148228,0
-0.6946471568706862,0.0808906608517672,-0.2068791466103012,0,0,0,0.014507927586148228,0
-0.28424114729419625,0.6100565961721978,-0.2258833364935875,0,0,0,0.014507927586148228,0
0.33379360925031204,0.20464990086353757,0.5385182478223186,0,0,0,0.014507927586148228,0
-0.08205157273150253,0.6907549636604908,0.1942435738064359,0,0,0,0.014507927586148228,0
-0.007367885626910056,0.29294644622490956,0.6400234150498528,0,0,0,0.014507927586148228,0
-0.38944861861828295,-0.04313184582555929,0.599635318078198,0,0,0,0.014507927586148228,0
0.4927796339898697,0.007727379673691154,-0.021213572606466058,0,0,0,0.014507927586148228,0
-0.32153889197111724,-0.5287500653649787,0.1721994471731659,0,0,0,0.014507927586148228,0
-0.002578770237769618,-0.023187119842467904,0.4490022302542543,0,0,0,0.014507927586148228,0
-0.03318375357674674,0.3172823527291118,0.002019008051786894,0,0,0,0.014507927586148228,0
-0.6655003100879222,0.042503270152544986,0.10679467365519663,0,0,0,0.014507927586148228,0
-0.6252767364184316,-0.23022242455207909,0.25267486354398044,0,0,0,0.014507927586148228,0
0.2789207700226057,-0.14173165836638493,-0.576684241088981,0,0,0,0.014507927586148228,0
0.3988307114430235,-0.05821967489581783,-0.5209064283287003,0,0,0,0.014507927586148228,0
0.048263559559530204,0.7106406126766531,-0.19309498440262385,0,0,0,0.014507927586148228,0
0.3467315736571429,-0.5266014509791488,-0.13085340793981148,0,0,0,0.014507927586148228,0
0.029631308551892423,0.17266507520965682,0.6169359629750172,0,0,0,0.014507927586148228,0
-0.21048393996618106,0.13286617329344988,0.46924351619273214,0,0,0,0.014507927586148228,0
-0.19588530623284517,0.09795122887232265,-0.7139522523465822,0,0,0,0.014507927586148228,0
-0.010972486563473976,-0.10223328334304375,0.5874387658705419,0,0,0,0.014507927586148228,0
0.4726696233651202,0.22784137758138806,-0.5334188712259444,0,0,0,0.014507927586148228,0
0.027267380758854945,0.12003528820860225,-0.661172358477046,0,0,0,0.014507927586148228,0
-0.13674315291764194,0.04205874473926891,0.33641177707895925,0,0,0,0.014507927586148228,0
0.2665595113211006,-0.5075173752473786,0.11416419679343323,0,0,0,0.014507927586148228,0
-0.4628473998074041,-0.415526490099939,-0.17228160992016617,0,0,0,0.014507927586148228,0
0.26394004022684286,0.09472594691605796,-0.31253442237574497,0,0,0,0.014507927586148228,0
0.5495310887329022,-0.0012983881615539162,-0.07372228801580447,0,0,0,0.014507927586148228,0
-0.09541517632699476,-0.10042700807149584,0.5294583620869092,0,0,0,0.014507927586148228,0
0.18810259839358295,0.15482502826810096,-0.6828689613561584,0,0,0,0.014507927586148228,0
-0.06852634831051321,-0.2453803162961587,-0.69263087460715,0,0,0,0.014507927586148228,0
-0.2662837681279419,0.24393634823123606,-0.5914046889865301,0,0,0,0.014507927586148228,0
0.2877159120611344,0.5757231439825541,0.3570386162332296,0,0,0,0.014507927586148228,0
0.031145250103681167,0.13105522906084646,0.1678770460736785,0,0,0,0.014507927586148228,0
0.5166786878497003,0.2358839841269641,-0.03501413248215282,0,0,0,0.014507927586148228,0
0.29135940077420813,0.12958371583580375,0.27010298743567174,0,0,0,0.014507927586148228,0
-0.024226726169626605,-0.05274596183097467,-0.7361630130389147,0,0,0,0.014507927586148228,0
-0.5571738579965649,-0.31019114469497366,-0.05167044633704486,0,0,0,0.014507927586148228,0
-0.07543136289154644,0.1540818111436969,0.5310923076964105,0,0,0,0.014507927586148228,0
0.0932459550669146,0.2255442498858432,-0.42285005038747026,0,0,0,0.014507927586148228,0
-0.11281551785822562,-0.5150316747347802,-0.11994540260746854,0,0,0,0.014507927586148228,0
0.08841805529762213,0.07089258358404038,0.196551848633497,0,0,0,0.014507927586148228,0
0.18569795425982621,-0.048909858839619666,-0.6661489815327656,0,0,0,0.014507927586148228,0
-0.08475981488182578,-0.4573395797306651,-0.2651107097714046,0,0,0,0.014507927586148228,0
0.06640117457055948,-0.23957933647120688,0.3284163806036156,0,0,0,0.014507927586148228,0
0.11759993426833507,0.4589923249665875,0.552678283194483,0,0,0,0.014507927586148228,0
0.018645980769668405,-0.1726721738828983,0.5358576954854073,0,0,0,0.014507927586148228,0
-0.3349109753103762,-0.6097185993061914,0.0388231922419109,0,0,0,0.014507927586148228,0
0.1380618460551844,0.18701721218044864,-0.637538207487046,0,0,0,0.014507927586148228,0
0.4229977569916522,-0.2009961585480182,-0.1421011337352519,0,0,0,0.014507927586148228,0
-0.17857126842622037,0.016633124057191247,-0.697427753862041,0,0,0,0.014507927586148228,0
-0.5483980645686918,0.08782816367191908,0.1121214291102335,0,0,0,0.014507927586148228,0
0.003388177234384891,0.0010075647808976593,-0.737052647281091,0,0,0,0.014507927586148228,0
-0.03029786143030876,-0.05588961052913707,-0.2963913342962953,0,0,0,0.014507927586148228,0
-0.03538385523596163,-0.17090196436197697,-0.5111986652920889,0,0,0,0.014507927586148228,0
0.039393670650650525,-0.05052923131699966,-0.7359100424327532,0,0,0,0.014507927586148228,0
-0.00874409954032937,-0.049415578697279895,-0.2762086271122912,0,0,0,0.014507927586148228,0
0.5996932144519443,-0.41755750909816447,-0.13894498773826436,0,0,0,0.014507927586148228,0
-0.25011884234836546,-0.43123585445098755,-0.5576806800749886,0,0,0,0.014507927586148228,0
-0.5051801342633967,0.05330001865116749,-0.05418581695247781,0,0,0,0.014507927586148228,0
0.1823647799949447,0.31563053463489904,-0.643522319121119,0,0,0,0.014507927586148228,0
-0.01077968006936537,-0.011872897936178267,-0.5861431495168542,0,0,0,0.014507927586148228,0
-0.10189914889156564,-0.12452475083903604,0.694263205670549,0,0,0,0.014507927586148228,0
0.16439693004006334,-0.1636186592694295,-0.6520419691164236,0,0,0,0.014507927586148228,0
0.4213724224458182,-0.17829625820071884,-0.19520186079629737,0,0,0,0.014507927586148228,0
0.30590285411478124,0.3523659422987666,-0.5755724361363715,0,0,0,0.014507927586148228,0
0.3032250814705169,-0.6495213182612433,-0.02601878149217873,0,0,0,0.014507927586148228,0
-0.02276920773716048,0.526025965591233,0.29034195469226254,0,0,0,0.014507927586148228,0
0.48620478847401943,-0.09964736016682908,0.5566589443429283,0,0,0,0.014507927586148228,0
0.08360179799474347,0.01788646767749151,0.2055615926667083,0,0,0,0.014507927586148228,0
-0.25214905855021136,-0.5715050442644163,0.3859717493431514,0,0,0,0.014507927586148228,0
-0.023663222060122696,0.41931813446494837,-0.46104166617585374,0,0,0,0.014507927586148228,0
-0.18143463817902616,-0.43163136915851713,-0.30229697698916974,0,0,0,0.014507927586148228,0
-0.30296694026217613,0.17143563629126155,-0.5310803261535337,0,0,0,0.014507927586148228,0
0.2458481696232078,-0.6039350574438641,0.28910822096522043,0,0,0,0.014507927586148228,0
-0.4728997852410672,-0.5740390638754471,-0.010486213845424927,0,0,0,0.014507927586148228,0
0.09964891317266211,0.0046549033980005095,0.36937231386405506,0,0,0,0.014507927586148228,0
-0.10329635925813845,-0.22730472981446365,-0.22395209894912202,0,0,0,0.014507927586148228,0
-0.2248225288785187,-0.18918148603104515,0.576187282724761,0,0,0,0.014507927586148228,0
0.1948240084485451,-0.042703364941267835,-0.37166918207601135,0,0,0,0.014507927586148228,0
0.03457945954982931,0.2540217730054581,0.5404136281984054,0,0,0,0.014507927586148228,0
0.11443573137202032,-0.05281199257994866,0.388229383350722,0,0,0,0.014507927586148228,0
0.014817534992883746,-0.3441430806298562,0.5611193297361475,0,0,0,0.014507927586148228,0
0.5485346669418186,-0.17666776634928646,0.19257495675651795,0,0,0,0.014507927586148228,0
0.006429522123919211,0.009839089318612448,-0.713547983860602,0,0,0,0.014507927586148228,0
0.13515863915986634,0.516325395355916,-0.035460595915252836,0,0,0,0.014507927586148228,0
-0.35231291181710067,-0.3824437024385617,-0.3218556025921904,0,0,0,0.014507927586148228,0
-0.007563570859783579,-0.4062721219268879,0.6155129698219538,0,0,0,0.014507927586148228,0
-0.29145820497451325,-0.17929245206593186,-0.1072093384145615,0,0,0,0.014507927586148228,0
0.008453997665104272,0.5784788779705062,0.160467870309693,0,0,0,0.014507927586148228,0
-0.1993643051523691,0.44944457604843,0.14468535386987236,0,0,0,0.014507927586148228,0
-0.09149548150056362,-0.01044385402051753,-0.7278516970354394,0,0,0,0.014507927586148228,0
0.16873889301320666,0.04564806843912012,0.6912083646758518,0,0,0,0.014507927586148228,0
-0.33960201486052277,0.05039836969774365,-0.6064379215119632,0,0,0,0.014507927586148228,0
0.48509476648624855,-0.27835950271284515,-0.25157117528911543,0,0,0,0.014507927586148228,0
-0.28903549744643997,0.32211571187045784,0.07777894744117773,0,0,0,0.014507927586148228,0
0.32728269143118793,-0.3178700491850538,0.3828298912639558,0,0,0,0.014507927586148228,0
0.24624712791184547,0.27560320987919706,0.506076879068466,0,0,0,0.014507927586148228,0
-0.19048719079198606,0.44783282346963926,-0.4621915453703317,0,0,0,0.014507927586148228,0
0.5815332760809935,-0.46934653149760486,-0.026325194036157497,0,0,0,0.014507927586148228,0
0.36879388768778826,0.5374215161846924,0.36360489679949826,0,0,0,0.014507927586148228,0
-0.4009208041768664,-0.3209606309680873,-0.09704266354554278,0,0,0,0.014507927586148228,0
-0.4162401286155218,0.5152966955628573,0.23023808581603272,0,0,0,0.014507927586148228,0
0.23328269649247446,0.3290326769203073,-0.157260180449508,0,0,0,0.014507927586148228,0
0.08975388537496622,-0.0034586671668755055,0.30917072862913575,0,0,0,0.014507927586148228,0
0.005751078236964674,0.707358500717443,0.1521769983405209,0,0,0,0.014507927586148228,0
0.3044497670105916,0.05223592467239692,0.29914183234227465,0,0,0,0.014507927586148228,0
0.05508969544068606,-0.08514919260855745,0.22627705088987088,0,0,0,0.014507927586148228,0
0.3551049966425831,-0.2582514909222994,0.4298537451977986,0,0,0,0.014507927586148228,0
0.5817169289847748,-0.4537494995091875,0.07609339909505586,0,0,0,0.014507927586148228,0
-0.42014434218515095,0.18985141038436382,0.424207975543966,0,0,0,0.014507927586148228,0
0.01684982371033011,-0.3415734349561227,-0.4909956752496329,0,0,0,0.014507927586148228,0
-0.5688045157205313,-0.16461770487492475,0.2869044471774362,0,0,0,0.014507927586148228,0
-0.061980268669519195,0.1556760541216528,-0.5417956370833038,0,0,0,0.014507927586148228,0
-0.3002145681534583,0.24664892033603636,-0.5349240438070706,0,0,0,0.014507927586148228,0
0.17971384331215023,0.2714506494067702,0.48016727499649337,0,0,0,0.014507927586148228,0
-0.061621152572874836,0.13480595584075913,-0.367483091813078,0,0,0,0.014507927586148228,0
0.5458726363361112,0.11009348573896492,-0.4250786241772469,0,0,0,0.014507927586148228,0
0.09460766137486895,0.5498421405159166,-0.41749944244147524,0,0,0,0.014507927586148228,0
0.04657828532025627,-0.5228788881081712,-0.49276652204563276,0,0,0,0.014507927586148228,0
-0.026602378575157636,-0.015800926671541,-0.10389952655268148,0,0,0,0.014507927586148228,0
0.5070387822836551,0.2171640536721237,0.41983402831503314,0,0,0,0.014507927586148228,0
-0.2970732581303864,0.6621577061644848,0.1223423145868609,0,0,0,0.014507927586148228,0
0.0723658019842183,0.3328674309586883,-0.0487478707096885,0,0,0,0.014507927586148228,0
0.03195805183694543,-0.06580359556474773,0.538555008762828,0,0,0,0.014507927586148228,0
-0.22735884310750654,0.26287205211503617,0.01699527724652879,0,0,0,0.014507927586148228,0
0.47759010732516294,-0.2277257558162215,-0.3896447985843223,0,0,0,0.014507927586148228,0
0.156517849176728,-0.4658067194890972,0.37347755183128417,0,0,0,0.014507927586148228,0
0.615702555793521,0.003144424106249263,-0.413325650106282,0,0,0,0.014507927586148228,0
0.5265976059909749,0.29424983794350273,0.38761766558993854,0,0,0,0.014507927586148228,0
0.08247005262307369,0.03589658285429646,-0.6790079751431738,0,0,0,0.014507927586148228,0
0.21157926116565107,0.46003443043041675,-0.17237494562890424,0,0,0,0.014507927586148228,0
-0.164873499218425,0.58624349769926,0.009245527123646784,0,0,0,0.014507927586148228,0
0.3626969862317177,-0.12751595511094296,0.5860421615067151,0,0,0,0.014507927586148228,0
-0.03273517751142657,0.033514752149678376,0.7004605103414393,0,0,0,0.014507927586148228,0
0.047212962578877596,0.05080351749168597,-0.4913719910979242,0,0,0,0.014507927586148228,0
0.26498476549657474,0.2805765404105124,-0.6225713141878575,0,0,0,0.014507927586148228,0
0.16414348672028947,-0.08202968782897864,-0.6765398074661996,0,0,0,0.014507927586148228,0
0.2951580568159522,0.2369062595468724,0.20571701624180075,0,0,0,0.014507927586148228,0
-0.1415321556437181,-0.05331615089045365,0.3851459810289734,0,0,0,0.014507927586148228,0
0.3873502877542563,-0.5043017640724227,-0.23389943938451688,0,0,0,0.014507927586148228,0
-0.2935799800145338,-0.44846113772487906,-0.2029994420057301,0,0,0,0.014507927586148228,0
-0.10341354190563694,-0.3136537282779749,-0.6461509144772496,0,0,0,0.014507927586148228,0
0.7132211326974821,-0.18195135105429344,-0.12150546659669298,0,0,0,0.014507927586148228,0
-0.028696659405839892,-0.5390408526020092,-0.40957213110491436,0,0,0,0.014507927586148228,0
0.2381054439592708,0.02212362147126036,0.649816866918079,0,0,0,0.014507927586148228,0
0.23512796670493638,0.4423714906209729,-0.4228309375612459,0,0,0,0.014507927586148228,0
0.1534120699031373,0.03247460626447467,-0.008618517232414982,0,0,0,0.014507927586148228,0
-0.2935066440172462,0.47736624417506995,-0.47864779580072586,0,0,0,0.014507927586148228,0
-0.2677731355612849,-0.03201671734228393,0.6443048137911356,0,0,0,0.014507927586148228,0
-0.31514312093845126,0.5144368634703909,-0.44211582176671077,0,0,0,0.014507927586148228,0
0.36364818750088374,0.22399400903606684,0.21714141616785976,0,0,0,0.014507927586148228,0
-0.30914127862707297,-0.27758481700161264,-0.4758008320365602,0,0,0,0.014507927586148228,0
-0.24964347693274344,-0.027330333945121528,-0.42636388725950586,0,0,0,0.014507927586148228,0
0.2584235990043206,0.019626246720232908,0.2727476114423802,0,0,0,0.014507927586148228,0
-0.006866231224669234,0.12141292288536057,-0.5387492093826546,0,0,0,0.014507927586148228,0
-0.05064958675525946,0.22272950998371216,0.6285508071559316,0,0,0,0.014507927586148228,0
0.254987657628245,-0.6753448887053415,-0.10672181766170699,0,0,0,0.014507927586148228,0
0.0017739353938257339,0.01719004758372615,-0.5505742729431115,0,0,0,0.014507927586148228,0
-0.17006186101264406,0.1593367297659708,-0.6053304526532197,0,0,0,0.014507927586148228,0
-0.12608419870798193,-0.429863901790399,-0.3188650819322456,0,0,0,0.014507927586148228,0
-0.5392772526459274,0.22206397536010217,0.3404835625460335,0,0,0,0.014507927586148228,0
-0.18526337622961284,0.017870263972931726,-0.5577335231372045,0,0,0,0.014507927586148228,0
0.4697717860938512,0.20323779199109313,0.44417252755601067,0,0,0,0.014507927586148228,0
-0.08572816937774227,-0.6188165729957795,-0.2426165951357673,0,0,0,0.014507927586148228,0
-0.48914705862615865,-0.39021203637323415,-0.2965215922440544,0,0,0,0.014507927586148228,0
0.04896247440044167,0.7207504968084325,-0.012165696614761568,0,0,0,0.014507927586148228,0
-0.447796913977066,-0.29228466909510065,0.05108098178292765,0,0,0,0.014507927586148228,0
-0.2284175469477497,0.5267446905622188,0.44383633478571444,0,0,0,0.014507927586148228,0
-0.35327665595440794,-0.08095541855276604,-0.03157471770903294,0,0,0,0.014507927586148228,0
-0.03328104616516923,0.0034422921162002933,0.38000538116890137,0,0,0,0.014507927586148228,0
-0.27018337178140195,0.2309107036428419,0.5345316652658495,0,0,0,0.014507927586148228,0
-0.5464298272149252,0.3086031553245826,0.31070724942031713,0,0,0,0.014507927586148228,0
0.027937593957376543,0.1094911986365982,0.42343166467028875,0,0,0,0.014507927586148228,0
0.33888723596588977,0.16020373610314198,-0.0920751326924995,0,0,0,0.014507927586148228,0
0.2677433971893936,-0.20526752139960414,0.5120530118984243,0,0,0,0.014507927586148228,0
0.3284877113923611,0.107183149510228,-0.6517270495536518,0,0,0,0.014507927586148228,0
-0.1393604218213997,0.5060155324684216,0.3823093172821615,0,0,0,0.014507927586148228,0
0.04053638093844189,0.013049894751788263,0.09883879994799101,0,0,0,0.014507927586148228,0
-0.3535701487508133,0.501254233309524,-0.4113696215412395,0,0,0,0.014507927586148228,0
-0.03693371132888749,0.05001071825346176,0.42520420292260347,0,0,0,0.014507927586148228,0
-0.026936310080150686,0.0658754613911428,-0.7079326065848665,0,0,0,0.014507927586148228,0
0.427792553622421,0.19449698322127826,0.3291576170040727,0,0,0,0.014507927586148228,0
0.09541708225954153,0.3198830376640958,0.5851007835588716,0,0,0,0.014507927586148228,0
-0.021229499790650082,0.0414224666517731,0.5166539570460622,0,0,0,0.014507927586148228,0
-0.39604997327145297,0.06416109085616152,-0.30451898921553455,0,0,0,0.014507927586148228,0
-0.06765961623095558,-0.29106172214313425,-0.4567724715422052,0,0,0,0.014507927586148228,0
-0.0658287320344817,-0.058030338522504436,0.4892929920385166,0,0,0,0.014507927586148228,0
0.09625279898690701,0.44688849596128427,0.5178244543989002,0,0,0,0.014507927586148228,0
0.002037042676791268,-0.1298992161104973,0.3973089137634545,0,0,0,0.014507927586148228,0
-0.5233469746802044,-0.4951670722826612,0.16889433079584668,0,0,0,0.014507927586148228,0
-0.029523519461086584,-0.3375043317057944,0.19395646715272996,0,0,0,0.014507927586148228,0
0.2066746438605098,-0.312489142626616,-0.5804855718142607,0,0,0,0.014507927586148228,0
-0.6594649673446633,-0.24288216667262913,0.2525183179279939,0,0,0,0.014507927586148228,0
-0.034659710847173356,0.04204867225001347,-0.546486621158906,0,0,0,0.014507927586148228,0
-0.4619168251292664,0.39244512021138767,0.13073204546209768,0,0,0,0.014507927586148228,0
-0.01353451869444599,-0.0143505531139324,-0.5705911529713472,0,0,0,0.014507927586148228,0
0.21406727074027493,-0.3757574653733797,0.48324241279220087,0,0,0,0.014507927586148228,0
0.07701460719199603,0.07970215725774557,0.6719377835881959,0,0,0,0.014507927586148228,0
-0.45928766750315864,0.2034158354148626,-0.16996285804530514,0,0,0,0.014507927586148228,0
-0.2905941903102474,-0.07235219315094882,-0.5282940346515628,0,0,0,0.014507927586148228,0
0.21294908643242041,-0.5491932113080935,-0.1636389807152818,0,0,0,0.014507927586148228,0
0.0986996460775752,0.3908290875317771,-0.4087026808631053,0,0,0,0.014507927586148228,0
-0.12547674928770497,0.03581426641479488,0.6764666423648591,0,0,0,0.014507927586148228,0
0.08470545129591354,0.1935528998055258,-0.7119959475473314,0,0,0,0.014507927586148228,0
-0.1574722746624747,0.04891668526690914,-0.4705419117930848,0,0,0,0.014507927586148228,0
0.06445136647266972,-0.5279467274402897,0.511970605489933,0,0,0,0.014507927586148228,0
-0.37539857074079047,0.528200686742235,-0.3279611775870807,0,0,0,0.014507927586148228,0
0.11350385750841625,-0.014777228216969487,-0.5118258965015718,0,0,0,0.014507927586148228,0
0.28135738594545695,0.1927243917357668,0.5691851439372143,0,0,0,0.014507927586148228,0
-0.392220357605991,0.002093053409598643,-0.39983240731418385,0,0,0,0.014507927586148228,0
-0.08321994337426866,-0.1455139616803503,-0.4659431961777795,0,0,0,0.014507927586148228,0
0.006872046855514705,-0.01511473723996897,-0.4841920729662433,0,0,0,0.014507927586148228,0
0.3426467697576355,-0.06097241126442633,-0.4026916114014555,0,0,0,0.014507927586148228,0
-0.3514069608183894,0.018400357404647787,0.11803648157685002,0,0,0,0.014507927586148228,0
0.2567070264948566,0.12364933772605895,-0.5609183407388929,0,0,0,0.014507927586148228,0
-0.11240671948915035,-0.35384085324847275,0.31086733371468905,0,0,0,0.014507927586148228,0
0.30134502686973436,-0.6678946221154274,-0.07391241997818278,0,0,0,0.014507927586148228,0
-0.06653798487059903,-0.23319338386855853,0.15981005766624942,0,0,0,0.014507927586148228,0
0.0020416917487847946,-0.7030203196402385,0.2281292060316837,0,0,0,0.014507927586148228,0
0.3638167633029656,0.42778466087200795,-0.07454097500030166,0,0,0,0.014507927586148228,0
0.6492794624522134,-0.045883557246164365,-0.10510889606301281,0,0,0,0.014507927586148228,0
-0.008775882511857354,0.05032875378800604,0.46344067474947054,0,0,0,0.014507927586148228,0
-0.4670227837746993,-0.1985495891661544,-0.30149374110092475,0,0,0,0.014507927586148228,0
0.20545323463172468,-0.3579030902598182,0.41872760812949195,0,0,0,0.014507927586148228,0
0.05781996942403264,-0.5761216125249723,-0.45905515168325056,0,0,0,0.014507927586148228,0
-0.19269251392060477,0.15412975179404684,0.45843697864346894,0,0,0,0.014507927586148228,0
-0.4062870053693113,0.08756319883107623,-0.25993016786474166,0,0,0,0.014507927586148228,0
0.46314533492974197,-0.3198890195737744,0.39483897754698477,0,0,0,0.014507927586148228,0
0.4559248842993257,-0.2266902802640204,0.11087955971530239,0,0,0,0.014507927586148228,0
-0.08004010047625729,-0.591236158046885,-0.12095033923998888,0,0,0,0.014507927586148228,0
-0.023777493266590382,-0.08783977462073925,0.20114887313530516,0,0,0,0.014507927586148228,0
-0.26882133682083337,-0.1949083812516006,0.5670914049543208,0,0,0,0.014507927586148228,0
-0.2503190799435457,-0.4710535155751995,0.3616622111356704,0,0,0,0.014507927586148228,0
0.030962482243838556,-0.04540089671267861,-0.41293547742952025,0,0,0,0.014507927586148228,0
-0.08679430352837805,-0.0023952366886822573,0.6397637025405608,0,0,0,0.014507927586148228,0
0.19767970466840454,-0.4746890334056821,0.456833599162262,0,0,0,0.014507927586148228,0
0.5921692667655574,-0.38094822902355474,-0.15064772273450705,0,0,0,0.014507927586148228,0
-0.41444454435214795,-0.5629678076258068,0.16813880020580682,0,0,0,0.014507927586148228,0
-0.13584972231745268,0.04274985939467478,0.7103843644465935,0,0,0,0.014507927586148228,0
-0.029912828695578056,-0.03705493703935596,-0.6572608156836559,0,0,0,0.014507927586148228,0
0.524207074429066,-0.112976121609055,0.021353540342814913,0,0,0,0.014507927586148228,0
0.44571955669229607,-0.3857657418132906,-0.029100693405580857,0,0,0,0.014507927586148228,0
0.36091091883895077,-0.3541178785165129,0.004727069125844956,0,0,0,0.014507927586148228,0
-0.03098365209400755,-0.2168822548405812,-0.3912058379940737,0,0,0,0.014507927586148228,0
-0.23670824325329765,-0.3625964968633865,-0.15331738686310373,0,0,0,0.014507927586148228,0
0.3786490485695064,-0.10022670491522884,-0.4298306597718133,0,0,0,0.014507927586148228,0
-0.026149248182130463,0.22751619962236466,-0.26214037011992697,0,0,0,0.014507927586148228,0
0.47068537495377916,0.247495185261084,-0.4411185830852828,0,0,0,0.014507927586148228,0
0.22637147740777422,0.31952186627024665,0.5990030360425267,0,0,0,0.014507927586148228,0
-0.5449399099626653,-0.24083206750892028,0.3068342804320224,0,0,0,0.014507927586148228,0
0.03744494278040221,-0.3222298029665891,-0.5021135541537521,0,0,0,0.014507927586148228,0
0.5240917503194181,-0.30630431652831225,-0.02516345052885661,0,0,0,0.014507927586148228,0
-0.2541810669372262,-0.19187368011331632,-0.4852187972146011,0,0,0,0.014507927586148228,0
0.005904834569895197,-0.28908583665083704,-0.20627992424302274,0,0,0,0.014507927586148228,0
-0.08321115614230117,-0.3987434300206599,0.3766597279869263,0,0,0,0.014507927586148228,0
-0.5778436347437107,0.07784293038431842,-0.28301685930814513,0,0,0,0.014507927586148228,0
0.07437886762624356,-0.06781893089603643,0.2551397272377149,0,0,0,0.014507927586148228,0
0.045556059538984804,-0.12835492155714254,0.638284401035434,0,0,0,0.014507927586148228,0
0.187030076865577,0.09150650252520952,-0.1502291223195604,0,0,0,0.014507927586148228,0
0.17524816309018715,0.10677791576890903,0.7205652334562664,0,0,0,0.014507927586148228,0
-0.5032476949182605,-0.10080968159806711,-0.09821694796417402,0,0,0,0.014507927586148228,0
-0.4381374142011654,-0.23314817876004174,-0.10496185052367428,0,0,0,0.014507927586148228,0
-0.05298019724020084,-0.4664591668665948,-0.4181915375642821,0,0,0,0.014507927586148228,0
0.09219540202491576,0.24381854229891892,-0.537475845776505,0,0,0,0.014507927586148228,0
-0.09731187060302628,0.19115159303741497,0.17128179808128036,0,0,0,0.014507927586148228,0
-0.11799773897144293,-0.5497659784808475,-0.41933451729731874,0,0,0,0.014507927586148228,0
0.2060951633793688,0.28953649755979594,-0.12753430852135966,0,0,0,0.014507927586148228,0
0.6294761880487254,0.08264308962433692,0.24969179764271068,0,0,0,0.014507927586148228,0
-0.0022542435750860217,0.05567900687114857,-0.6394733705656815,0,0,0,0.014507927586148228,0
-0.1303798905591821,-0.09282871396712938,0.6795835205079384,0,0,0,0.014507927586148228,0
-0.10199641840042395,-0.038912508628042825,0.5810849917434872,0,0,0,0.014507927586148228,0
-0.11489049169207995,-0.07798585610142729,0.6683239519728714,0,0,0,0.014507927586148228,0
0.011840296861616929,-0.028163065338565423,0.5479760586920559,0,0,0,0.014507927586148228,0
0.4348578979902065,-0.034404610440374066,-0.2006491529853639,0,0,0,0.014507927586148228,0
-0.23880646218889387,0.16479906565960084,-0.1791440650149204,0,0,0,0.014507927586148228,0
0.3544030062348898,-0.2355342751709386,0.5098730374955334,0,0,0,0.014507927586148228,0
-0.23012415260553823,0.448880136356328,0.37001748275057444,0,0,0,0.014507927586148228,0
0.1856494012750399,0.20256450603935117,0.5589980822297383,0,0,0,0.014507927586148228,0
-0.26534757250734115,0.010638890983593443,-0.6918669948572467,0,0,0,0.014507927586148228,0
-0.2552036400046805,-0.24491699539720374,0.20196708641496777,0,0,0,0.014507927586148228,0
-0.21787254627001207,-0.6488735647464334,0.23951466995717918,0,0,0,0.014507927586148228,0
0.19681849433034834,-0.33421432358073266,-0.6216196079957345,0,0,0,0.014507927586148228,0
0.04158494603899268,-0.1874776801377507,0.018405827494271207,0,0,0,0.014507927586148228,0
-0.012982943879084914,0.6335302068991383,0.10042985380651975,0,0,0,0.014507927586148228,0
0.20065474702982838,-0.29556742652896273,-0.4401712564317638,0,0,0,0.014507927586148228,0
-0.029212984976712923,-0.11077205506416038,-0.30621856517527724,0,0,0,0.014507927586148228,0
0.27673276428373894,-0.06020455065275742,0.48834218641013255,0,0,0,0.014507927586148228,0
0.2285437872821722,0.19388703395757872,0.15686908764191185,0,0,0,0.014507927586148228,0
-0.039663910896754334,-0.017812841003525298,0.519225502672786,0,0,0,0.014507927586148228,0
0.36746861862952906,0.0021899512661035987,0.049023408940164236,0,0,0,0.014507927586148228,0
-0.028972410909489862,0.6042316105850395,-0.03975092470623301,0,0,0,0.014507927586148228,0
-0.0469813770621513,0.04010239519244292,0.4201454519396394,0,0,0,0.014507927586148228,0
-0.07706513640915914,-0.4103691758562645,-0.5380279582531098,0,0,0,0.014507927586148228,0
0.6500142526912904,-0.007022912869163206,-0.11723854820008188,0,0,0,0.014507927586148228,0
-0.37093333553934965,-0.34739873026801676,0.5506959523210795,0,0,0,0.014507927586148228,0
-0.3913050823175894,0.04981905330537719,-0.4447267459509562,0,0,0,0.014507927586148228,0
-0.31239098363067,-0.3802060507116549,-0.5653120076227726,0,0,0,0.014507927586148228,0
0.10988681771336582,-0.07472886392448477,0.5822865649255508,0,0,0,0.014507927586148228,0
-0.13371671238439398,0.3587968693990516,-0.509678485450295,0,0,0,0.014507927586148228,0
-0.12123843767543181,-0.2346578978567587,-0.3363779245919085,0,0,0,0.014507927586148228,0
0.190899604335305,-0.2570824914715102,-0.641763724102888,0,0,0,0.014507927586148228,0
-0.014885840744729496,-0.01292262203584007,-0.5071661143933643,0,0,0,0.014507927586148228,0
-0.014204460122111774,0.017333614992416868,0.6906422993721651,0,0,0,0.014507927586148228,0
0.09461987450179112,0.5942413100077693,0.0416548068687292,0,0,0,0.014507927586148228,0
0.23968350891438303,0.00759453694354751,0.6578818834703595,0,0,0,0.014507927586148228,0
-0.11409100982263232,0.12858692393719942,0.3083705443724857,0,0,0,0.014507927586148228,0
0.321853704555482,0.5891152244699215,-0.25511065057343185,0,0,0,0.014507927586148228,0
0.34523876582158697,-0.08320237426009647,-0.39076936001675233,0,0,0,0.014507927586148228,0
-0.5523963370356872,0.09987808568845592,0.09122774145238319,0,0,0,0.014507927586148228,0
0.17440267553486702,-0.04384649922494622,0.6328008401535951,0,0,0,0.014507927586148228,0
-0.4670997816897201,0.19604135529103428,-0.0327793786734867,0,0,0,0.014507927586148228,0
0.48336845557701336,-0.11631102407309236,-0.24975367264655624,0,0,0,0.014507927586148228,0
-0.3138788687487621,0.07705777620766151,0.4581486696872931,0,0,0,0.014507927586148228,0
-0.35340576983023064,-0.47225731658042963,0.04416742864370904,0,0,0,0.014507927586148228,0
0.14354626202818788,-0.14308221061161916,-0.31357897042033295,0,0,0,0.014507927586148228,0
-0.17513814837860003,-0.2736368586474312,-0.41227378036045037,0,0,0,0.014507927586148228,0
-0.11591571667943293,0.11766683132708013,0.5803123849660586,0,0,0,0.014507927586148228,0
0.06967252440037794,-0.1953342510781387,0.46262592800617564,0,0,0,0.014507927586148228,0
-0.34645243309043433,-0.44083638171716283,-0.29391370466405,0,0,0,0.014507927586148228,0
0.18440842568547133,-0.6619376521676381,-0.12098507793661008,0,0,0,0.014507927586148228,0
0.009734292825693092,0.046334013641596346,0.7052874964773803,0,0,0,0.014507927586148228,0
-0.25176575028845904,0.2671797823136912,0.018483866685218387,0,0,0,0.014507927586148228,0
-0.25649284014396884,-0.1704475474161977,0.42197590498157866,0,0,0,0.014507927586148228,0
-0.6002615827377255,0.033380085907248606,-0.23355013523401266,0,0,0,0.014507927586148228,0
0.45455165937278785,0.12608579710389428,0.09074354082016606,0,0,0,0.014507927586148228,0
0.2906484869882736,0.18138305349125483,-0.34122945789034903,0,0,0,0.014507927586148228,0
0.18123535210595193,0.21505379213733633,0.40910877471495816,0,0,0,0.014507927586148228,0
-0.009549327223818899,-0.002663549638248254,-0.16721630230167248,0,0,0,0.014507927586148228,0
-0.1849561430844469,0.3411486523763013,0.5319645924181616,0,0,0,0.014507927586148228,0
0.12037880450121483,0.07504235618607533,0.6681138759284234,0,0,0,0.014507927586148228,0
0.040572331568242095,0.004566513819335797,0.501403782238179,0,0,0,0.014507927586148228,0
0.005490839216453376,0.13343442716630463,0.4964405271170964,0,0,0,0.014507927586148228,0
-0.0031699521278237704,-0.057803653373840004,-0.18394478375243994,0,0,0,0.014507927586148228,0
-0.33075018344462614,-0.20051772342844953,-0.5198594032852049,0,0,0,0.014507927586148228,0
0.13897764436222854,0.6062709932977913,0.12830952136008794,0,0,0,0.014507927586148228,0
0.27539011834393956,0.6397950111562296,0.024139406926276658,0,0,0,0.014507927586148228,0
0.26089881207663185,-0.16877047711618479,0.6434574815886478,0,0,0,0.014507927586148228,0
-0.09995021735885994,-0.14730459910773108,0.6332636899125313,0,0,0,0.014507927586148228,0
0.06694084398645513,-0.20266071807043617,0.029714566904084187,0,0,0,0.014507927586148228,0
0.011570865473241904,0.05293509772266207,0.4015182013582709,0,0,0,0.014507927586148228,0
0.22965705943275314,0.0993258461581005,-0.029430723685194383,0,0,0,0.014507927586148228,0
0.36430293959114946,0.16033311380724313,0.3579860529588271,0,0,0,0.014507927586148228,0
0.10739143662659913,0.08384305274109817,0.6658540649628073,0,0,0,0.014507927586148228,0
-0.27980368072227224,0.1880380733196095,0.43045027718851736,0,0,0,0.014507927586148228,0
0.08592455645721216,0.13955456883527737,0.42690269072171116,0,0,0,0.014507927586148228,0
-0.06313569549854291,0.09208178861267753,-0.3412620306203783,0,0,0,0.014507927586148228,0
-0.13741346163159773,0.2996579040458123,0.005829119980350718,0,0,0,0.014507927586148228,0
0.22206958012974354,-0.3354733972881887,0.43331054304909905,0,0,0,0.014507927586148228,0
0.07843600891483486,0.10748265583915197,-0.4081060217472986,0,0,0,0.014507927586148228,0
0.19355404657833908,0.16531911944693128,-0.17214101208029622,0,0,0,0.014507927586148228,0
0.1649542157967383,0.13501562534366301,0.1594594381159194,0,0,0,0.014507927586148228,0
0.009855957818182355,-0.012300434833056186,0.692123004087465,0,0,0,0.014507927586148228,0
0.0984544607905989,0.5661160874942688,0.35303523586214275,0,0,0,0.014507927586148228,0
-0.2781732221794939,-0.2345661357738845,0.13358118816614187,0,0,0,0.014507927586148228,0
0.01887934982154036,0.003771515046442925,0.7344326176691511,0,0,0,0.014507927586148228,0
-0.30058917361475496,0.4373451412774282,-0.2276915784145695,0,0,0,0.014507927586148228,0
0.4666122961094556,0.5123688267223526,0.09189484463894824,0,0,0,0.014507927586148228,0
0.062283415755894855,0.20592234750630029,-0.11875874632860604,0,0,0,0.014507927586148228,0
0.23270958499297248,0.28592828386275504,-0.6233259340607287,0,0,0,0.014507927586148228,0
-0.30801178190332607,-0.397765806419423,-0.47941135781065125,0,0,0,0.014507927586148228,0
0.27438824426815356,0.4022276451685568,-0.10936256939062272,0,0,0,0.014507927586148228,0
0.324043200064211,-0.33963420098685065,0.14719272502784816,0,0,0,0.014507927586148228,0
0.1460422855746516,-0.09501678516758276,0.18980750785844663,0,0,0,0.014507927586148228,0
0.28998799549190457,0.2684315478269405,0.41550047512694555,0,0,0,0.014507927586148228,0
0.2545882667113112,-0.4679640926660955,0.23294003679848999,0,0,0,0.014507927586148228,0
-0.09393333319701949,0.048307872237016054,-0.7035867524243029,0,0,0,0.014507927586148228,0
-0.07768516497304286,-0.021844237239004926,-0.41645607386923666,0,0,0,0.014507927586148228,0
-0.04514083284491216,0.03469449429159465,0.5526704029521342,0,0,0,0.014507927586148228,0
-0.1086294867176683,-0.04813488519656535,0.3814335376691591,0,0,0,0.014507927586148228,0
0.6129633878310048,0.09321694325430849,0.16840465988985842,0,0,0,0.014507927586148228,0
0.2888441013260966,0.21379098102633265,0.5802946951761034,0,0,0,0.014507927586148228,0
0.17546471691160206,0.19471480331103067,-0.5046828773023905,0,0,0,0.014507927586148228,0
0.40735850585440464,-0.40821067797630095,-0.4469491836959348,0,0,0,0.014507927586148228,0
0.13777028670242614,0.18499036009278585,0.3910627383122279,0,0,0,0.014507927586148228,0
0.30773518015107953,-0.18178762629072587,-0.5759271509931329,0,0,0,0.014507927586148228,0
0.09397924472236753,-0.1332121023874083,0.448427847350212,0,0,0,0.014507927586148228,0
-0.07318937104953853,-0.41329951815892024,-0.5790141391307122,0,0,0,0.014507927586148228,0
-0.07354652441113099,0.21859373501640386,-0.5770758565826523,0,0,0,0.014507927586148228,0
-0.0975762246765873,0.0806174524591931,0.5555985725382517,0,0,0,0.014507927586148228,0
0.17016894425102866,-0.14903283636525272,0.6811828129321322,0,0,0,0.014507927586148228,0
-0.37550244897178975,-0.21870546327029378,-0.2965440553725456,0,0,0,0.014507927586148228,0
0.12242208838934165,-0.14800695750376452,-0.5304891863387128,0,0,0,0.014507927586148228,0
-0.3651862214144329,-0.3133304245957351,0.4415538385231593,0,0,0,0.014507927586148228,0
0.007085528497146885,-0.0009391094696278836,0.5178740017827811,0,0,0,0.014507927586148228,0
0.33929656738353836,-0.4884371544733073,0.1796900812051535,0,0,0,0.014507927586148228,0
0.022413860713611917,0.00615471247558719,0.7091189675344782,0,0,0,0.014507927586148228,0
-0.024481561553640015,-0.44509888913049467,-0.05135125980273965,0,0,0,0.014507927586148228,0
-0.2887568709980244,0.2525984562702089,-0.2221935228061706,0,0,0,0.014507927586148228,0
-0.11827802771520642,0.6250252823689612,-0.15838605453292975,0,0,0,0.014507927586148228,0
-0.48211478064845315,0.506350879577514,0.2159670291896515,0,0,0,0.014507927586148228,0
-0.0017583430426663124,0.0055567305037275425,0.4916242633834939,0,0,0,0.014507927586148228,0
-0.1438191393541122,-0.3487733742394829,0.06988058933575826,0,0,0,0.014507927586148228,0
-0.3433259041489416,-0.3962762602228218,-0.5129679301578908,0,0,0,0.014507927586148228,0
0.1085170308833295,-0.21669607804720273,-0.6644721822330458,0,0,0,0.014507927586148228,0
-0.12552492562332498,-0.36408219552298016,-0.5290697652878131,0,0,0,0.014507927586148228,0
-0.1340337966255629,-0.30552811151912374,-0.6295335005496152,0,0,0,0.014507927586148228,0
-0.1043136904049031,-0.00015474264372087,0.3374604918169857,0,0,0,0.014507927586148228,0
0.35335772187619857,-0.5478823014125255,0.09039451864480885,0,0,0,0.014507927586148228,0
-0.07350436820299884,0.23664880655429463,-0.36468886448879134,0,0,0,0.014507927586148228,0
-0.11147074638483985,-0.23844379965371879,0.6529893083934717,0,0,0,0.014507927586148228,0
-0.26281218873370443,-0.3290295078319742,0.4629694129788445,0,0,0,0.014507927586148228,0
-0.35384925055080424,0.002301362561254826,-0.6229929446207905,0,0,0,0.014507927586148228,0
0.28661896062660036,-0.24499057200155785,-0.3167537550768979,0,0,0,0.014507927586148228,0
0.23825958562985486,0.3573372021001151,0.015060768385997785,0,0,0,0.014507927586148228,0
-0.2241696976880549,-0.15266292995353356,-0.5298086780238807,0,0,0,0.014507927586148228,0
-0.19764203765494806,0.27204993097482055,0.06442364230742341,0,0,0,0.014507927586148228,0
-0.021123559575426575,0.0086998663351557,-0.05957124871108371,0,0,0,0.014507927586148228,0
-0.0708324186144736,-0.03845099539910221,-0.45435399057079645,0,0,0,0.014507927586148228,0
-0.03910689571375636,0.4268713222941998,-0.2013544985449652,0,0,0,0.014507927586148228,0
-0.2487564657163657,-0.49792622337810877,0.07389721544110224,0,0,0,0.014507927586148228,0
0.05761603129862062,-0.0388352300039778,-0.041889741876973474,0,0,0,0.014507927586148228,0
0.04345454859684423,-0.04895337533657576,0.7339250401883388,0,0,0,0.014507927586148228,0
0.0035272121910593355,0.04437099757376405,-0.591826540370847,0,0,0,0.014507927586148228,0
0.0918012637764106,0.5735943919066369,-0.2568814478230557,0,0,0,0.014507927586148228,0
0.5460306595270507,0.12119925334246305,-0.3787662360195353,0,0,0,0.014507927586148228,0
-0.04379928060200244,0.4378383614877971,-0.013708890796158007,0,0,0,0.014507927586148228,0
-0.5246100676120329,-0.00014448432164918692,0.053992941934232944,0,0,0,0.014507927586148228,0
-0.04200368131795813,-0.4263374992448108,-0.4405730589191675,0,0,0,0.014507927586148228,0
-0.38484035292292756,-0.1534345278301348,0.42198050771436724,0,0,0,0.014507927586148228,0
0.17430424450940094,-0.22727888745583702,0.49429689414261735,0,0,0,0.014507927586148228,0
-0.3237846789214934,0.3752989641376653,0.31619137618917037,0,0,0,0.014507927586148228,0
-0.11596530650565302,-0.24961585163412078,-0.41016080250245507,0,0,0,0.014507927586148228,0
0.1474538488686359,-0.14227747454355266,-0.48670576766779117,0,0,0,0.014507927586148228,0
-0.252514458067546,0.003277386843902101,0.5775848592498787,0,0,0,0.014507927586148228,0
-0.07777628256393593,0.049417433637133,0.6637072699805076,0,0,0,0.014507927586148228,0
0.07899435888850694,-0.27633117676689245,0.49506307290950946,0,0,0,0.014507927586148228,0
0.36074814726549215,-0.015126771013598833,0.4322733045933044,0,0,0,0.014507927586148228,0
-0.05074908370671449,0.6617561269596295,-0.17846934733128852,0,0,0,0.014507927586148228,0
0.382717619440513,0.08442970686003705,-0.31452993310969346,0,0,0,0.014507927586148228,0
-0.01902924846135166,0.6125702019327403,-0.2813997500957026,0,0,0,0.014507927586148228,0
-0.6383641258389008,0.28477482941086446,0.23020837773023145,0,0,0,0.014507927586148228,0
0.3369448427452587,-0.3859369370541594,-0.14863953700772028,0,0,0,0.014507927586148228,0
0.11728678885221659,0.29235575453792834,0.14002484406018165,0,0,0,0.014507927586148228,0
-0.3506443604294382,0.48770108599166045,0.25545666792721494,0,0,0,0.014507927586148228,0
0.160986912664561,0.11505069957429805,0.5793122828902352,0,0,0,0.014507927586148228,0
-0.05077997239580305,-0.6161921088080545,0.3110270913514278,0,0,0,0.014507927586148228,0
-0.027585675747178906,-0.012087328725480124,-0.3030611156709496,0,0,0,0.014507927586148228,0
0.32355502138658326,0.28265772808855333,0.04300466583293053,0,0,0,0.014507927586148228,0
-0.3040992442575156,0.4117967020978226,0.3268040331005295,0,0,0,0.014507927586148228,0
-0.605903310594993,0.15437683265998584,0.347827787632529,0,0,0,0.014507927586148228,0
0.38447726875518884,0.6233575256820288,-0.04130265105403965,0,0,0,0.014507927586148228,0
0.03281835397580351,0.6648936126292244,0.012311733026760002,0,0,0,0.014507927586148228,0
0.0038138446863402475,-0.04665448553923627,0.6514806487999311,0,0,0,0.014507927586148228,0
-0.7202479892688954,-0.16933292305212777,-0.04996076603840528,0,0,0,0.014507927586148228,0
-0.004974440010866149,0.005634608870721896,-0.6624031860258303,0,0,0,0.014507927586148228,0
0.4303720985566971,0.13487312178819577,0.3149015291322743,0,0,0,0.014507927586148228,0
-0.31435674715349304,0.5241292755906807,0.43313093899486815,0,0,0,0.014507927586148228,0
0.1902190834286413,-0.16643099756534752,0.2630748313682161,0,0,0,0.014507927586148228,0
0.1443107905587104,0.059006141503903146,-0.08215883348997718,0,0,0,0.014507927586148228,0
0.14670674359549887,-0.09480730968393336,0.12467285664736198,0,0,0,0.014507927586148228,0
0.22427548564546945,0.31957002816764823,0.51904248020895,0,0,0,0.014507927586148228,0
0.1661965078541837,0.10926169429032397,0.5975533061658975,0,0,0,0.014507927586148228,0
0.04846778536583717,0.09976742264608694,-0.6576386581216298,0,0,0,0.014507927586148228,0
0.04987906792959209,0.00854358119610856,0.6025684776151614,0,0,0,0.014507927586148228,0
-0.6806264089603757,-0.23964281654489722,-0.10873282556509119,0,0,0,0.014507927586148228,0
-0.41684448468265217,-0.22234535311048287,0.5243933272789018,0,0,0,0.014507927586148228,0
-0.0876610125642598,-0.173259140194497,-0.6544119089602811,0,0,0,0.014507927586148228,0
-0.3533613460105386,0.03778747844964458,0.041994001951961055,0,0,0,0.014507927586148228,0
0.15941082155872272,0.06742353306042488,-0.23933093836809854,0,0,0,0.014507927586148228,0
0.28485746481469426,0.4374417310807499,0.4626502602015604,0,0,0,0.014507927586148228,0
0.20687359828259197,0.5938969079499568,-0.3317888309168256,0,0,0,0.014507927586148228,0
-0.356480764679738,0.04265349411717942,-0.2538726071506463,0,0,0,0.014507927586148228,0
-0.2023698085269502,-0.2764991971894771,0.22546350419690248,0,0,0,0.014507927586148228,0
-0.6659898991240352,-0.21313763252054213,-0.24046067610116437,0,0,0,0.014507927586148228,0
-0.5042755468116991,-0.4941127057467163,-0.0832924215858342,0,0,0,0.014507927586148228,0
-0.2537560672721397,0.07391905030432235,-0.19495829307958584,0,0,0,0.014507927586148228,0
0.036173783504950686,0.39291463084517153,-0.03513723483617016,0,0,0,0.014507927586148228,0
-0.3519301446451921,0.3787330457036293,-0.3154079353284513,0,0,0,0.014507927586148228,0
-0.07573656626116541,0.09718002582245035,0.6565619230365101,0,0,0,0.014507927586148228,0
0.025553920545274375,-0.02214415535879413,0.7306053959139128,0,0,0,0.014507927586148228,0
-0.0006125053666863737,0.5702461642103624,-0.36422418280604735,0,0,0,0.014507927586148228,0
-0.24885818566759227,-0.25369095094831845,-0.13962363678963077,0,0,0,0.014507927586148228,0
-0.012204718661992662,-0.006168849457979671,-0.7479803002784289,0,0,0,0.014507927586148228,0
0.4014145823942694,-0.09004123589157002,0.45225840679247936,0,0,0,0.014507927586148228,0
-0.09355100170120022,-0.3530146886182732,-0.5490994152504002,0,0,0,0.014507927586148228,0
0.2348490629765555,0.324713600288119,0.09420698514766128,0,0,0,0.014507927586148228,0
0.060135093347370126,-0.01634227799868754,-0.5305286275954482,0,0,0,0.014507927586148228,0
-0.043737607749408165,0.11861068284407626,0.7066168882925589,0,0,0,0.014507927586148228,0
-0.042086903779909986,-0.26503927092052504,-0.2840570606311073,0,0,0,0.014507927586148228,0
0.2815014058777211,-0.3173645615387177,-0.5861953070257568,0,0,0,0.014507927586148228,0
-0.2297187872881593,-0.5552600341594427,-0.33321649143338233,0,0,0,0.014507927586148228,0
0.011377929550591153,-0.348883892669148,-0.6497893212068848,0,0,0,0.014507927586148228,0
-0.11805868953150922,0.11423819532987743,-0.31636583422181364,0,0,0,0.014507927586148228,0
-0.1093502709608908,-0.43972058104127915,-0.4692887033812516,0,0,0,0.014507927586148228,0
0.276760026365945,-0.38790236225970304,0.5470717036969966,0,0,0,0.014507927586148228,0
0.44415213765106437,-0.39763808235895043,0.4051760995704541,0,0,0,0.014507927586148228,0
-0.4667729093834811,-0.004399196904776866,0.21520040322862333,0,0,0,0.014507927586148228,0
0.021159901202220693,-0.16127693618713723,0.5441386411702726,0,0,0,0.014507927586148228,0
0.31555146009084645,0.18789590360462585,0.003917222360046362,0,0,0,0.014507927586148228,0
-0.05212327537666859,0.16034626977638058,-0.6117025435954245,0,0,0,0.014507927586148228,0
-0.16363984465238693,-0.3532151225211314,0.09728145084612025,0,0,0,0.014507927586148228,0
-0.0016868968912517367,-0.03928809798606571,-0.6863233089456747,0,0,0,0.014507927586148228,0
-0.04778850374082388,-0.06698962733185601,-0.246582419937457,0,0,0,0.014507927586148228,0
0.3399037418717317,0.17665348185551089,-0.1552266976868592,0,0,0,0.014507927586148228,0
0.1323684722837526,-0.13908700320947306,0.4807000416080135,0,0,0,0.014507927586148228,0
0.2963457494488437,0.08552884252188801,-0.39070094182829695,0,0,0,0.014507927586148228,0
-0.27873366925024406,0.15308252426837535,0.3284757669902057,0,0,0,0.014507927586148228,0
-0.4044705630582499,0.2598618691314982,-0.40392050791520034,0,0,0,0.014507927586148228,0
0.41013316156972424,0.017427826654053562,-0.5804555389556417,0,0,0,0.014507927586148228,0
-0.3567961304336707,0.25791521345051216,-0.02314501866488725,0,0,0,0.014507927586148228,0
0.65253343139404,0.19335176844510882,0.16265224304068568,0,0,0,0.014507927586148228,0
0.09668486109853343,-0.27336898368863843,0.47702839267903097,0,0,0,0.014507927586148228,0
-0.23050241513185338,0.3090041481170873,-0.26754673377152893,0,0,0,0.014507927586148228,0
0.1856791645317332,-0.49616467861074603,0.06792449678819522,0,0,0,0.014507927586148228,0
0.6450871145325519,0.08819693493235546,0.258039038500216,0,0,0,0.014507927586148228,0
-0.22389491736552283,-0.39335841199455285,0.04189152374571829,0,0,0,0.014507927586148228,0
-0.0337752309333743,-0.6735788797340029,0.24360440370164993,0,0,0,0.014507927586148228,0
-0.6212138215097006,0.20554275445445064,0.30429797537899006,0,0,0,0.014507927586148228,0
-0.47355791527784696,-0.28190736362069924,-0.180311879608398,0,0,0,0.014507927586148228,0
0.20819430811407988,-0.060404242894080015,-0.240564866787414,0,0,0,0.014507927586148228,0
0.6399922408699508,-0.23964164592574147,0.2388413511720788,0,0,0,0.014507927586148228,0
-0.12568399582054035,-0.1337949385440478,0.6356851241087477,0,0,0,0.014507927586148228,0
-0.3135187967244653,-0.4395205705211072,0.4087741704750663,0,0,0,0.014507927586148228,0
0.5383748861316198,0.3037426934420446,-0.27630841676706436,0,0,0,0.014507927586148228,0
